#
# There is insufficient memory for the Java Runtime Environment to continue.
# Native memory allocation (mmap) failed to map 14680064 bytes. Error detail: G1 virtual space
# Possible reasons:
#   The system is out of physical RAM or swap space
#   This process is running with CompressedOops enabled, and the Java Heap may be blocking the growth of the native heap
# Possible solutions:
#   Reduce memory load on the system
#   Increase physical memory or swap space
#   Check if swap backing store is full
#   Decrease Java heap size (-Xmx/-Xms)
#   Decrease number of Java threads
#   Decrease Java thread stack sizes (-Xss)
#   Set larger code cache with -XX:ReservedCodeCacheSize=
#   JVM is running with Zero Based Compressed Oops mode in which the Java heap is
#     placed in the first 32GB address space. The Java Heap base address is the
#     maximum limit for the native heap growth. Please use -XX:HeapBaseMinAddress
#     to set the Java Heap base and to place the Java Heap above 32GB virtual address.
# This output file may be truncated or incomplete.
#
#  Out of Memory Error (os_windows.cpp:3686), pid=27188, tid=19584
#
# JRE version: OpenJDK Runtime Environment Temurin-21.0.7+6 (21.0.7+6) (build 21.0.7+6-LTS)
# Java VM: OpenJDK 64-Bit Server VM Temurin-21.0.7+6 (21.0.7+6-LTS, mixed mode, sharing, tiered, compressed oops, compressed class ptrs, g1 gc, windows-amd64)
# No core dump will be written. Minidumps are not enabled by default on client versions of Windows
#

---------------  S U M M A R Y ------------

Command Line: --add-opens=java.base/java.lang=ALL-UNNAMED --add-opens=java.base/java.lang.invoke=ALL-UNNAMED --add-opens=java.base/java.util=ALL-UNNAMED --add-opens=java.prefs/java.util.prefs=ALL-UNNAMED --add-exports=jdk.compiler/com.sun.tools.javac.api=ALL-UNNAMED --add-exports=jdk.compiler/com.sun.tools.javac.util=ALL-UNNAMED --add-opens=java.base/java.nio.charset=ALL-UNNAMED --add-opens=java.base/java.net=ALL-UNNAMED --add-opens=java.base/java.util.concurrent=ALL-UNNAMED --add-opens=java.base/java.util.concurrent.atomic=ALL-UNNAMED --add-opens=java.xml/javax.xml.namespace=ALL-UNNAMED --add-opens=java.base/java.time=ALL-UNNAMED -Xmx4096m -Dfile.encoding=UTF-8 -Duser.country=IN -Duser.language=en -Duser.variant -javaagent:C:\Users\pawan\.gradle\wrapper\dists\gradle-9.6.1-bin\4ticwg1pgcbps2hj28r8so764\gradle-9.6.1\lib\agents\gradle-instrumentation-agent-9.6.1.jar org.gradle.launcher.daemon.bootstrap.GradleDaemon 9.6.1

Host: AMD Athlon Silver 7120U with Radeon Graphics   , 2 cores, 5G,  Windows 11 , 64 bit Build 26100 (10.0.26100.8972)
Time: Mon Aug 10 23:52:16 2026 India Standard Time elapsed time: 4481.648660 seconds (0d 1h 14m 41s)

---------------  T H R E A D  ---------------

Current thread (0x0000019b3e2150c0):  VMThread "VM Thread"          [id=19584, stack(0x0000005f04400000,0x0000005f04500000) (1024K)]

Stack: [0x0000005f04400000,0x0000005f04500000]
Native frames: (J=compiled Java code, j=interpreted, Vv=VM code, C=native code)
V  [jvm.dll+0x6ce119]
V  [jvm.dll+0x8a84a1]
V  [jvm.dll+0x8aa9ce]
V  [jvm.dll+0x8ab0b3]
V  [jvm.dll+0x27f8a6]
V  [jvm.dll+0x6ca945]
V  [jvm.dll+0x6bebea]
V  [jvm.dll+0x355eca]
V  [jvm.dll+0x35da96]
V  [jvm.dll+0x3af72e]
V  [jvm.dll+0x3af9d8]
V  [jvm.dll+0x32a05c]
V  [jvm.dll+0x32a0e7]
V  [jvm.dll+0x36deac]
V  [jvm.dll+0x36c6f8]
V  [jvm.dll+0x329821]
V  [jvm.dll+0x36bd6a]
V  [jvm.dll+0x8b0dcf]
V  [jvm.dll+0x8b2154]
V  [jvm.dll+0x8b2690]
V  [jvm.dll+0x8b2933]
V  [jvm.dll+0x851f6b]
V  [jvm.dll+0x6cc7dd]
C  [ucrtbase.dll+0x2cd30]
C  [KERNEL32.DLL+0x2ccb7]
C  [ntdll.dll+0xaad6c]

VM_Operation (0x0000005f06ff6ab0): G1CollectForAllocation, mode: safepoint, requested by thread 0x0000019b944bb120


---------------  P R O C E S S  ---------------

Threads class SMR info:
_java_thread_list=0x0000019b938b0d10, length=72, elements={
0x0000019b1f9eb0e0, 0x0000019b3e230580, 0x0000019b3e235e10, 0x0000019b3e239590,
0x0000019b3e23aff0, 0x0000019b3e23ba40, 0x0000019b3e23c490, 0x0000019b3e23e220,
0x0000019b3e2ae430, 0x0000019b3e2de5d0, 0x0000019b3e410290, 0x0000019b8450a730,
0x0000019b844c2f30, 0x0000019b84a6b030, 0x0000019b853ddae0, 0x0000019b853e08d0,
0x0000019b853df520, 0x0000019b86816560, 0x0000019b86816bf0, 0x0000019b86817280,
0x0000019b86817910, 0x0000019b86818cc0, 0x0000019b87d007d0, 0x0000019b89a20aa0,
0x0000019b8538f420, 0x0000019b8f89fba0, 0x0000019b8f8a08c0, 0x0000019b8f8a0230,
0x0000019b8f8a1c70, 0x0000019b853914f0, 0x0000019b85392210, 0x0000019b8538ed90,
0x0000019b853928a0, 0x0000019b85392f30, 0x0000019b8538fab0, 0x0000019b853942e0,
0x0000019b85395690, 0x0000019b853935c0, 0x0000019b85393c50, 0x0000019b85395000,
0x0000019b9006f8b0, 0x0000019b90072010, 0x0000019b9006ff40, 0x0000019b9022bf10,
0x0000019b9022b880, 0x0000019b93394960, 0x0000019b93395680, 0x0000019b944ba400,
0x0000019b944bb120, 0x0000019b944bbe40, 0x0000019b944b96e0, 0x0000019b944bd1f0,
0x0000019b944bec30, 0x0000019b944be5a0, 0x0000019b944bdf10, 0x0000019b944bb7b0,
0x0000019b944bf2c0, 0x0000019b944bf950, 0x0000019b944bc4d0, 0x0000019b944bffe0,
0x0000019b944bcb60, 0x0000019b944c2740, 0x0000019b944c20b0, 0x0000019b944c1a20,
0x0000019b944c2dd0, 0x0000019b944c3460, 0x0000019b944c1390, 0x0000019b944c3af0,
0x0000019b8f81ce60, 0x0000019b8f81bab0, 0x0000019b8f81ad90, 0x0000019b8f81e8a0
}

Java Threads: ( => current thread )
  0x0000019b1f9eb0e0 JavaThread "main"                              [_thread_blocked, id=13508, stack(0x0000005f03d00000,0x0000005f03e00000) (1024K)]
  0x0000019b3e230580 JavaThread "Reference Handler"          daemon [_thread_blocked, id=23244, stack(0x0000005f04500000,0x0000005f04600000) (1024K)]
  0x0000019b3e235e10 JavaThread "Finalizer"                  daemon [_thread_blocked, id=1304, stack(0x0000005f04600000,0x0000005f04700000) (1024K)]
  0x0000019b3e239590 JavaThread "Signal Dispatcher"          daemon [_thread_blocked, id=23208, stack(0x0000005f04700000,0x0000005f04800000) (1024K)]
  0x0000019b3e23aff0 JavaThread "Attach Listener"            daemon [_thread_blocked, id=25012, stack(0x0000005f04800000,0x0000005f04900000) (1024K)]
  0x0000019b3e23ba40 JavaThread "Service Thread"             daemon [_thread_blocked, id=23096, stack(0x0000005f04900000,0x0000005f04a00000) (1024K)]
  0x0000019b3e23c490 JavaThread "Monitor Deflation Thread"   daemon [_thread_blocked, id=18384, stack(0x0000005f04a00000,0x0000005f04b00000) (1024K)]
  0x0000019b3e23e220 JavaThread "C2 CompilerThread0"         daemon [_thread_blocked, id=3504, stack(0x0000005f04b00000,0x0000005f04c00000) (1024K)]
  0x0000019b3e2ae430 JavaThread "C1 CompilerThread0"         daemon [_thread_blocked, id=24944, stack(0x0000005f04c00000,0x0000005f04d00000) (1024K)]
  0x0000019b3e2de5d0 JavaThread "Common-Cleaner"             daemon [_thread_blocked, id=18120, stack(0x0000005f04d00000,0x0000005f04e00000) (1024K)]
  0x0000019b3e410290 JavaThread "Notification Thread"        daemon [_thread_blocked, id=1792, stack(0x0000005f04e00000,0x0000005f04f00000) (1024K)]
  0x0000019b8450a730 JavaThread "Daemon health stats"               [_thread_blocked, id=19496, stack(0x0000005f03c00000,0x0000005f03d00000) (1024K)]
  0x0000019b844c2f30 JavaThread "Incoming local TCP Connector on port 61701"        [_thread_in_native, id=27340, stack(0x0000005f05100000,0x0000005f05200000) (1024K)]
  0x0000019b84a6b030 JavaThread "Daemon periodic checks"            [_thread_blocked, id=20764, stack(0x0000005f05200000,0x0000005f05300000) (1024K)]
  0x0000019b853ddae0 JavaThread "Cache worker for journal cache (C:\Users\pawan\.gradle\caches\journal-1)"        [_thread_blocked, id=22608, stack(0x0000005f05a00000,0x0000005f05b00000) (1024K)]
  0x0000019b853e08d0 JavaThread "File lock request listener"        [_thread_in_native, id=20056, stack(0x0000005f05b00000,0x0000005f05c00000) (1024K)]
  0x0000019b853df520 JavaThread "Cache worker for file hash cache (C:\Users\pawan\.gradle\caches\9.6.1\fileHashes)"        [_thread_blocked, id=20508, stack(0x0000005f05c00000,0x0000005f05d00000) (1024K)]
  0x0000019b86816560 JavaThread "File watcher server"        daemon [_thread_blocked, id=5484, stack(0x0000005f05d00000,0x0000005f05e00000) (1024K)]
  0x0000019b86816bf0 JavaThread "File watcher consumer"      daemon [_thread_blocked, id=18588, stack(0x0000005f05e00000,0x0000005f05f00000) (1024K)]
  0x0000019b86817280 JavaThread "jar transforms"                    [_thread_blocked, id=26760, stack(0x0000005f05f00000,0x0000005f06000000) (1024K)]
  0x0000019b86817910 JavaThread "jar transforms Thread 2"           [_thread_blocked, id=1676, stack(0x0000005f06000000,0x0000005f06100000) (1024K)]
  0x0000019b86818cc0 JavaThread "Cache worker for file content cache (C:\Users\pawan\.gradle\caches\9.6.1\fileContent)"        [_thread_blocked, id=25344, stack(0x0000005f06100000,0x0000005f06200000) (1024K)]
  0x0000019b87d007d0 JavaThread "Memory manager"                    [_thread_blocked, id=24264, stack(0x0000005f06500000,0x0000005f06600000) (1024K)]
  0x0000019b89a20aa0 JavaThread "pool-3-thread-1"                   [_thread_blocked, id=1868, stack(0x0000005f06800000,0x0000005f06900000) (1024K)]
  0x0000019b8538f420 JavaThread "pool-6-thread-1"                   [_thread_blocked, id=3884, stack(0x0000005f06b00000,0x0000005f06c00000) (1024K)]
  0x0000019b8f89fba0 JavaThread "RMI Scheduler(0)"           daemon [_thread_blocked, id=24180, stack(0x0000005f07100000,0x0000005f07200000) (1024K)]
  0x0000019b8f8a08c0 JavaThread "RMI GC Daemon"              daemon [_thread_blocked, id=23636, stack(0x0000005f07300000,0x0000005f07400000) (1024K)]
  0x0000019b8f8a0230 JavaThread "RMI TCP Accept-0"           daemon [_thread_in_native, id=8260, stack(0x0000005f07400000,0x0000005f07500000) (1024K)]
  0x0000019b8f8a1c70 JavaThread "RMI Reaper"                        [_thread_blocked, id=27424, stack(0x0000005f07500000,0x0000005f07600000) (1024K)]
  0x0000019b853914f0 JavaThread "Daemon Thread 3"                   [_thread_blocked, id=12168, stack(0x0000005f05000000,0x0000005f05100000) (1024K)]
  0x0000019b85392210 JavaThread "Handler for socket connection from /127.0.0.1:61701 to /127.0.0.1:58447"        [_thread_in_native, id=9488, stack(0x0000005f05300000,0x0000005f05400000) (1024K)]
  0x0000019b8538ed90 JavaThread "Cancel handler"                    [_thread_blocked, id=21192, stack(0x0000005f05400000,0x0000005f05500000) (1024K)]
  0x0000019b853928a0 JavaThread "Daemon worker Thread 3"            [_thread_blocked, id=25328, stack(0x0000005f05500000,0x0000005f05600000) (1024K)]
  0x0000019b85392f30 JavaThread "Asynchronous log dispatcher for DefaultDaemonConnection: socket connection from /127.0.0.1:61701 to /127.0.0.1:58447"        [_thread_blocked, id=9708, stack(0x0000005f05600000,0x0000005f05700000) (1024K)]
  0x0000019b8538fab0 JavaThread "Stdin handler"                     [_thread_blocked, id=24364, stack(0x0000005f05700000,0x0000005f05800000) (1024K)]
  0x0000019b853942e0 JavaThread "Daemon client event forwarder"        [_thread_blocked, id=27344, stack(0x0000005f05800000,0x0000005f05900000) (1024K)]
  0x0000019b85395690 JavaThread "Cache worker for file hash cache (C:\Users\pawan\AndroidStudioProjects\FSSCrm\.gradle\9.6.1\fileHashes)"        [_thread_blocked, id=11056, stack(0x0000005f06200000,0x0000005f06300000) (1024K)]
  0x0000019b853935c0 JavaThread "Cache worker for Build Output Cleanup Cache (C:\Users\pawan\AndroidStudioProjects\FSSCrm\.gradle\buildOutputCleanup)"        [_thread_blocked, id=13668, stack(0x0000005f06300000,0x0000005f06400000) (1024K)]
  0x0000019b85393c50 JavaThread "Cache worker for checksums cache (C:\Users\pawan\AndroidStudioProjects\FSSCrm\.gradle\9.6.1\checksums)"        [_thread_blocked, id=20720, stack(0x0000005f06400000,0x0000005f06500000) (1024K)]
  0x0000019b85395000 JavaThread "Cache worker for cache directory md-supplier (C:\Users\pawan\.gradle\caches\9.6.1\md-supplier)"        [_thread_blocked, id=18832, stack(0x0000005f06600000,0x0000005f06700000) (1024K)]
  0x0000019b9006f8b0 JavaThread "Cache worker for cache directory md-rule (C:\Users\pawan\.gradle\caches\9.6.1\md-rule)"        [_thread_blocked, id=24856, stack(0x0000005f06700000,0x0000005f06800000) (1024K)]
  0x0000019b90072010 JavaThread "Build operations"                  [_thread_blocked, id=14716, stack(0x0000005f06900000,0x0000005f06a00000) (1024K)]
  0x0000019b9006ff40 JavaThread "Build operations Thread 2"         [_thread_blocked, id=26692, stack(0x0000005f06a00000,0x0000005f06b00000) (1024K)]
  0x0000019b9022bf10 JavaThread "build event listener"              [_thread_blocked, id=23160, stack(0x0000005f03b00000,0x0000005f03c00000) (1024K)]
  0x0000019b9022b880 JavaThread "build event listener"              [_thread_blocked, id=4348, stack(0x0000005f05900000,0x0000005f05a00000) (1024K)]
  0x0000019b93394960 JavaThread "pool-11-thread-1"                  [_thread_blocked, id=22920, stack(0x0000005f06c00000,0x0000005f06d00000) (1024K)]
  0x0000019b93395680 JavaThread "build event listener"              [_thread_blocked, id=23596, stack(0x0000005f06d00000,0x0000005f06e00000) (1024K)]
  0x0000019b944ba400 JavaThread "included builds"                   [_thread_blocked, id=19804, stack(0x0000005f06e00000,0x0000005f06f00000) (1024K)]
  0x0000019b944bb120 JavaThread "Execution worker"                  [_thread_blocked, id=20356, stack(0x0000005f06f00000,0x0000005f07000000) (1024K)]
  0x0000019b944bbe40 JavaThread "Cache worker for execution history cache (C:\Users\pawan\AndroidStudioProjects\FSSCrm\.gradle\9.6.1\executionHistory)"        [_thread_blocked, id=13360, stack(0x0000005f07000000,0x0000005f07100000) (1024K)]
  0x0000019b944b96e0 JavaThread "Unconstrained build operations"        [_thread_blocked, id=19240, stack(0x0000005f07800000,0x0000005f07900000) (1024K)]
  0x0000019b944bd1f0 JavaThread "Unconstrained build operations Thread 2"        [_thread_blocked, id=27376, stack(0x0000005f07900000,0x0000005f07a00000) (1024K)]
  0x0000019b944bec30 JavaThread "Unconstrained build operations Thread 3"        [_thread_blocked, id=26980, stack(0x0000005f07a00000,0x0000005f07b00000) (1024K)]
  0x0000019b944be5a0 JavaThread "Unconstrained build operations Thread 4"        [_thread_blocked, id=27468, stack(0x0000005f07b00000,0x0000005f07c00000) (1024K)]
  0x0000019b944bdf10 JavaThread "Unconstrained build operations Thread 5"        [_thread_blocked, id=16856, stack(0x0000005f07d00000,0x0000005f07e00000) (1024K)]
  0x0000019b944bb7b0 JavaThread "Unconstrained build operations Thread 6"        [_thread_blocked, id=17328, stack(0x0000005f07e00000,0x0000005f07f00000) (1024K)]
  0x0000019b944bf2c0 JavaThread "Unconstrained build operations Thread 7"        [_thread_blocked, id=25216, stack(0x0000005f07f00000,0x0000005f08000000) (1024K)]
  0x0000019b944bf950 JavaThread "Unconstrained build operations Thread 8"        [_thread_blocked, id=23540, stack(0x0000005f08100000,0x0000005f08200000) (1024K)]
  0x0000019b944bc4d0 JavaThread "Unconstrained build operations Thread 9"        [_thread_blocked, id=6836, stack(0x0000005f08200000,0x0000005f08300000) (1024K)]
  0x0000019b944bffe0 JavaThread "Unconstrained build operations Thread 10"        [_thread_blocked, id=24184, stack(0x0000005f07200000,0x0000005f07300000) (1024K)]
  0x0000019b944bcb60 JavaThread "Unconstrained build operations Thread 11"        [_thread_blocked, id=23816, stack(0x0000005f07600000,0x0000005f07700000) (1024K)]
  0x0000019b944c2740 JavaThread "Unconstrained build operations Thread 12"        [_thread_blocked, id=20704, stack(0x0000005f08400000,0x0000005f08500000) (1024K)]
  0x0000019b944c20b0 JavaThread "Unconstrained build operations Thread 13"        [_thread_blocked, id=7504, stack(0x0000005f08500000,0x0000005f08600000) (1024K)]
  0x0000019b944c1a20 JavaThread "Unconstrained build operations Thread 14"        [_thread_blocked, id=21656, stack(0x0000005f08600000,0x0000005f08700000) (1024K)]
  0x0000019b944c2dd0 JavaThread "Unconstrained build operations Thread 15"        [_thread_blocked, id=22564, stack(0x0000005f08700000,0x0000005f08800000) (1024K)]
  0x0000019b944c3460 JavaThread "Unconstrained build operations Thread 16"        [_thread_blocked, id=27096, stack(0x0000005f08800000,0x0000005f08900000) (1024K)]
  0x0000019b944c1390 JavaThread "Unconstrained build operations Thread 17"        [_thread_blocked, id=21792, stack(0x0000005f08900000,0x0000005f08a00000) (1024K)]
  0x0000019b944c3af0 JavaThread "Unconstrained build operations Thread 18"        [_thread_blocked, id=15604, stack(0x0000005f08a00000,0x0000005f08b00000) (1024K)]
  0x0000019b8f81ce60 JavaThread "Unconstrained build operations Thread 19"        [_thread_blocked, id=15812, stack(0x0000005f07c00000,0x0000005f07d00000) (1024K)]
  0x0000019b8f81bab0 JavaThread "Unconstrained build operations Thread 20"        [_thread_blocked, id=10064, stack(0x0000005f08000000,0x0000005f08100000) (1024K)]
  0x0000019b8f81ad90 JavaThread "WorkerExecutor Queue"              [_thread_blocked, id=27364, stack(0x0000005f08c00000,0x0000005f08d00000) (1024K)]
  0x0000019b8f81e8a0 JavaThread "WorkerExecutor Queue Thread 2"        [_thread_blocked, id=18792, stack(0x0000005f08d00000,0x0000005f08e00000) (1024K)]
Total: 72

Other Threads:
=>0x0000019b3e2150c0 VMThread "VM Thread"                           [id=19584, stack(0x0000005f04400000,0x0000005f04500000) (1024K)]
  0x0000019b3e204790 WatcherThread "VM Periodic Task Thread"        [id=21620, stack(0x0000005f04300000,0x0000005f04400000) (1024K)]
  0x0000019b1fa55d00 WorkerThread "GC Thread#0"                     [id=26616, stack(0x0000005f03e00000,0x0000005f03f00000) (1024K)]
  0x0000019b3e4d0ce0 WorkerThread "GC Thread#1"                     [id=15972, stack(0x0000005f04f00000,0x0000005f05000000) (1024K)]
  0x0000019b1fa66bf0 ConcurrentGCThread "G1 Main Marker"            [id=21960, stack(0x0000005f03f00000,0x0000005f04000000) (1024K)]
  0x0000019b1fa68480 WorkerThread "G1 Conc#0"                       [id=11268, stack(0x0000005f04000000,0x0000005f04100000) (1024K)]
  0x0000019b1faa4410 ConcurrentGCThread "G1 Refine#0"               [id=24920, stack(0x0000005f04100000,0x0000005f04200000) (1024K)]
  0x0000019b1faa6a60 ConcurrentGCThread "G1 Service"                [id=12420, stack(0x0000005f04200000,0x0000005f04300000) (1024K)]
Total: 8

Threads with active compile tasks:
Total: 0

VM state: at safepoint (normal execution)

VM Mutex/Monitor currently owned by a thread:  ([mutex/lock_event])
[0x00007fff93d5e308] Threads_lock - owner thread: 0x0000019b3e2150c0
[0x00007fff93d5e408] Heap_lock - owner thread: 0x0000019b944bb120

Heap address: 0x0000000700000000, size: 4096 MB, Compressed Oops mode: Zero based, Oop shift amount: 3

CDS archive(s) mapped at: [0x0000019b3f000000-0x0000019b3fc80000-0x0000019b3fc80000), size 13107200, SharedBaseAddress: 0x0000019b3f000000, ArchiveRelocationMode: 1.
Compressed class space mapped at: 0x0000019b40000000-0x0000019b80000000, reserved size: 1073741824
Narrow klass base: 0x0000019b3f000000, Narrow klass shift: 0, Narrow klass range: 0x100000000

GC Precious Log:
 CardTable entry size: 512
 Card Set container configuration: InlinePtr #cards 4 size 8 Array Of Cards #cards 16 size 48 Howl #buckets 8 coarsen threshold 3686 Howl Bitmap #cards 512 size 80 coarsen threshold 460 Card regions per heap region 1 cards per card region 4096
 CPUs: 2 total, 2 available
 Memory: 5965M
 Large Page Support: Disabled
 NUMA Support: Disabled
 Compressed Oops: Enabled (Zero based)
 Heap Region Size: 2M
 Heap Min Capacity: 8M
 Heap Initial Capacity: 94M
 Heap Max Capacity: 4G
 Pre-touch: Disabled
 Parallel Workers: 2
 Concurrent Workers: 1
 Concurrent Refinement Workers: 2
 Periodic GC: Disabled

Heap:
 garbage-first heap   total 1400832K, used 420757K [0x0000000700000000, 0x0000000800000000)
  region size 2048K, 4 young (8192K), 4 survivors (8192K)
 Metaspace       used 242337K, committed 247104K, reserved 1310720K
  class space    used 29558K, committed 31616K, reserved 1048576K

Heap Regions: E=young(eden), S=young(survivor), O=old, HS=humongous(starts), HC=humongous(continues), CS=collection set, F=free, TAMS=top-at-mark-start, PB=parsable bottom
|   0|0x0000000700000000, 0x0000000700200000, 0x0000000700200000|100%|HS|  |TAMS 0x0000000700200000| PB 0x0000000700000000| Complete 
|   1|0x0000000700200000, 0x0000000700400000, 0x0000000700400000|100%|HC|  |TAMS 0x0000000700400000| PB 0x0000000700200000| Complete 
|   2|0x0000000700400000, 0x0000000700600000, 0x0000000700600000|100%| O|  |TAMS 0x0000000700600000| PB 0x0000000700400000| Untracked 
|   3|0x0000000700600000, 0x0000000700800000, 0x0000000700800000|100%| O|  |TAMS 0x0000000700800000| PB 0x0000000700600000| Untracked 
|   4|0x0000000700800000, 0x0000000700a00000, 0x0000000700a00000|100%| O|  |TAMS 0x0000000700a00000| PB 0x0000000700800000| Untracked 
|   5|0x0000000700a00000, 0x0000000700c00000, 0x0000000700c00000|100%| O|  |TAMS 0x0000000700c00000| PB 0x0000000700a00000| Untracked 
|   6|0x0000000700c00000, 0x0000000700e00000, 0x0000000700e00000|100%| O|  |TAMS 0x0000000700e00000| PB 0x0000000700c00000| Untracked 
|   7|0x0000000700e00000, 0x0000000701000000, 0x0000000701000000|100%| O|  |TAMS 0x0000000701000000| PB 0x0000000700e00000| Untracked 
|   8|0x0000000701000000, 0x0000000701200000, 0x0000000701200000|100%| O|  |TAMS 0x0000000701200000| PB 0x0000000701000000| Untracked 
|   9|0x0000000701200000, 0x0000000701400000, 0x0000000701400000|100%| O|  |TAMS 0x0000000701400000| PB 0x0000000701200000| Updating 
|  10|0x0000000701400000, 0x0000000701600000, 0x0000000701600000|100%| O|  |TAMS 0x0000000701600000| PB 0x0000000701400000| Untracked 
|  11|0x0000000701600000, 0x0000000701800000, 0x0000000701800000|100%| O|  |TAMS 0x0000000701800000| PB 0x0000000701600000| Updating 
|  12|0x0000000701800000, 0x0000000701a00000, 0x0000000701a00000|100%| O|  |TAMS 0x0000000701a00000| PB 0x0000000701800000| Updating 
|  13|0x0000000701a00000, 0x0000000701c00000, 0x0000000701c00000|100%| O|  |TAMS 0x0000000701c00000| PB 0x0000000701a00000| Untracked 
|  14|0x0000000701c00000, 0x0000000701e00000, 0x0000000701e00000|100%|HS|  |TAMS 0x0000000701e00000| PB 0x0000000701c00000| Complete 
|  15|0x0000000701e00000, 0x0000000702000000, 0x0000000702000000|100%| O|  |TAMS 0x0000000702000000| PB 0x0000000701e00000| Updating 
|  16|0x0000000702000000, 0x0000000702200000, 0x0000000702200000|100%|HS|  |TAMS 0x0000000702200000| PB 0x0000000702000000| Complete 
|  17|0x0000000702200000, 0x0000000702400000, 0x0000000702400000|100%|HC|  |TAMS 0x0000000702400000| PB 0x0000000702200000| Complete 
|  18|0x0000000702400000, 0x0000000702600000, 0x0000000702600000|100%|HC|  |TAMS 0x0000000702600000| PB 0x0000000702400000| Complete 
|  19|0x0000000702600000, 0x0000000702800000, 0x0000000702800000|100%|HS|  |TAMS 0x0000000702800000| PB 0x0000000702600000| Complete 
|  20|0x0000000702800000, 0x0000000702a00000, 0x0000000702a00000|100%|HC|  |TAMS 0x0000000702a00000| PB 0x0000000702800000| Complete 
|  21|0x0000000702a00000, 0x0000000702c00000, 0x0000000702c00000|100%|HC|  |TAMS 0x0000000702c00000| PB 0x0000000702a00000| Complete 
|  22|0x0000000702c00000, 0x0000000702e00000, 0x0000000702e00000|100%| O|  |TAMS 0x0000000702e00000| PB 0x0000000702c00000| Updating 
|  23|0x0000000702e00000, 0x0000000703000000, 0x0000000703000000|100%| O|  |TAMS 0x0000000703000000| PB 0x0000000702e00000| Updating 
|  24|0x0000000703000000, 0x0000000703200000, 0x0000000703200000|100%| O|  |TAMS 0x0000000703200000| PB 0x0000000703000000| Updating 
|  25|0x0000000703200000, 0x0000000703400000, 0x0000000703400000|100%| O|  |TAMS 0x0000000703400000| PB 0x0000000703200000| Updating 
|  26|0x0000000703400000, 0x0000000703600000, 0x0000000703600000|100%| O|  |TAMS 0x0000000703600000| PB 0x0000000703400000| Updating 
|  27|0x0000000703600000, 0x0000000703800000, 0x0000000703800000|100%| O|  |TAMS 0x0000000703800000| PB 0x0000000703600000| Updating 
|  28|0x0000000703800000, 0x0000000703a00000, 0x0000000703a00000|100%| O|  |TAMS 0x0000000703a00000| PB 0x0000000703800000| Updating 
|  29|0x0000000703a00000, 0x0000000703c00000, 0x0000000703c00000|100%| O|  |TAMS 0x0000000703c00000| PB 0x0000000703a00000| Updating 
|  30|0x0000000703c00000, 0x0000000703e00000, 0x0000000703e00000|100%| O|  |TAMS 0x0000000703e00000| PB 0x0000000703c00000| Updating 
|  31|0x0000000703e00000, 0x0000000704000000, 0x0000000704000000|100%| O|  |TAMS 0x0000000704000000| PB 0x0000000703e00000| Updating 
|  32|0x0000000704000000, 0x0000000704200000, 0x0000000704200000|100%| O|  |TAMS 0x0000000704200000| PB 0x0000000704000000| Updating 
|  33|0x0000000704200000, 0x0000000704400000, 0x0000000704400000|100%| O|  |TAMS 0x0000000704400000| PB 0x0000000704200000| Updating 
|  34|0x0000000704400000, 0x0000000704600000, 0x0000000704600000|100%| O|  |TAMS 0x0000000704600000| PB 0x0000000704400000| Updating 
|  35|0x0000000704600000, 0x0000000704800000, 0x0000000704800000|100%| O|  |TAMS 0x0000000704800000| PB 0x0000000704600000| Updating 
|  36|0x0000000704800000, 0x0000000704a00000, 0x0000000704a00000|100%|HS|  |TAMS 0x0000000704a00000| PB 0x0000000704800000| Complete 
|  37|0x0000000704a00000, 0x0000000704c00000, 0x0000000704c00000|100%| O|  |TAMS 0x0000000704c00000| PB 0x0000000704a00000| Untracked 
|  38|0x0000000704c00000, 0x0000000704e00000, 0x0000000704e00000|100%| O|  |TAMS 0x0000000704e00000| PB 0x0000000704c00000| Updating 
|  39|0x0000000704e00000, 0x0000000705000000, 0x0000000705000000|100%| O|  |TAMS 0x0000000705000000| PB 0x0000000704e00000| Untracked 
|  40|0x0000000705000000, 0x0000000705200000, 0x0000000705200000|100%| O|  |TAMS 0x0000000705200000| PB 0x0000000705000000| Untracked 
|  41|0x0000000705200000, 0x0000000705400000, 0x0000000705400000|100%| O|  |TAMS 0x0000000705400000| PB 0x0000000705200000| Updating 
|  42|0x0000000705400000, 0x0000000705600000, 0x0000000705600000|100%| O|  |TAMS 0x0000000705600000| PB 0x0000000705400000| Untracked 
|  43|0x0000000705600000, 0x0000000705800000, 0x0000000705800000|100%| O|  |TAMS 0x0000000705800000| PB 0x0000000705600000| Untracked 
|  44|0x0000000705800000, 0x0000000705a00000, 0x0000000705a00000|100%| O|  |TAMS 0x0000000705a00000| PB 0x0000000705800000| Updating 
|  45|0x0000000705a00000, 0x0000000705c00000, 0x0000000705c00000|100%| O|  |TAMS 0x0000000705c00000| PB 0x0000000705a00000| Updating 
|  46|0x0000000705c00000, 0x0000000705e00000, 0x0000000705e00000|100%| O|  |TAMS 0x0000000705e00000| PB 0x0000000705c00000| Untracked 
|  47|0x0000000705e00000, 0x0000000706000000, 0x0000000706000000|100%| O|  |TAMS 0x0000000706000000| PB 0x0000000705e00000| Untracked 
|  48|0x0000000706000000, 0x0000000706200000, 0x0000000706200000|100%| O|  |TAMS 0x0000000706200000| PB 0x0000000706000000| Updating 
|  49|0x0000000706200000, 0x0000000706400000, 0x0000000706400000|100%| O|  |TAMS 0x0000000706400000| PB 0x0000000706200000| Untracked 
|  50|0x0000000706400000, 0x0000000706600000, 0x0000000706600000|100%| O|  |TAMS 0x0000000706600000| PB 0x0000000706400000| Updating 
|  51|0x0000000706600000, 0x0000000706800000, 0x0000000706800000|100%| O|  |TAMS 0x0000000706800000| PB 0x0000000706600000| Untracked 
|  52|0x0000000706800000, 0x0000000706a00000, 0x0000000706a00000|100%| O|  |TAMS 0x0000000706a00000| PB 0x0000000706800000| Updating 
|  53|0x0000000706a00000, 0x0000000706c00000, 0x0000000706c00000|100%| O|  |TAMS 0x0000000706c00000| PB 0x0000000706a00000| Untracked 
|  54|0x0000000706c00000, 0x0000000706e00000, 0x0000000706e00000|100%| O|  |TAMS 0x0000000706e00000| PB 0x0000000706c00000| Updating 
|  55|0x0000000706e00000, 0x0000000707000000, 0x0000000707000000|100%| O|  |TAMS 0x0000000707000000| PB 0x0000000706e00000| Untracked 
|  56|0x0000000707000000, 0x0000000707200000, 0x0000000707200000|100%| O|  |TAMS 0x0000000707200000| PB 0x0000000707000000| Updating 
|  57|0x0000000707200000, 0x0000000707400000, 0x0000000707400000|100%| O|  |TAMS 0x0000000707400000| PB 0x0000000707200000| Updating 
|  58|0x0000000707400000, 0x0000000707600000, 0x0000000707600000|100%| O|  |TAMS 0x0000000707600000| PB 0x0000000707400000| Untracked 
|  59|0x0000000707600000, 0x0000000707800000, 0x0000000707800000|100%| O|  |TAMS 0x0000000707800000| PB 0x0000000707600000| Untracked 
|  60|0x0000000707800000, 0x0000000707a00000, 0x0000000707a00000|100%| O|  |TAMS 0x0000000707a00000| PB 0x0000000707800000| Updating 
|  61|0x0000000707a00000, 0x0000000707c00000, 0x0000000707c00000|100%| O|  |TAMS 0x0000000707c00000| PB 0x0000000707a00000| Untracked 
|  62|0x0000000707c00000, 0x0000000707e00000, 0x0000000707e00000|100%| O|  |TAMS 0x0000000707e00000| PB 0x0000000707c00000| Untracked 
|  63|0x0000000707e00000, 0x0000000708000000, 0x0000000708000000|100%| O|  |TAMS 0x0000000708000000| PB 0x0000000707e00000| Updating 
|  64|0x0000000708000000, 0x0000000708200000, 0x0000000708200000|100%| O|  |TAMS 0x0000000708200000| PB 0x0000000708000000| Updating 
|  65|0x0000000708200000, 0x0000000708400000, 0x0000000708400000|100%| O|  |TAMS 0x0000000708400000| PB 0x0000000708200000| Updating 
|  66|0x0000000708400000, 0x0000000708600000, 0x0000000708600000|100%| O|  |TAMS 0x0000000708600000| PB 0x0000000708400000| Updating 
|  67|0x0000000708600000, 0x0000000708800000, 0x0000000708800000|100%| O|  |TAMS 0x0000000708800000| PB 0x0000000708600000| Updating 
|  68|0x0000000708800000, 0x0000000708a00000, 0x0000000708a00000|100%| O|  |TAMS 0x0000000708a00000| PB 0x0000000708800000| Updating 
|  69|0x0000000708a00000, 0x0000000708c00000, 0x0000000708c00000|100%| O|  |TAMS 0x0000000708c00000| PB 0x0000000708a00000| Untracked 
|  70|0x0000000708c00000, 0x0000000708e00000, 0x0000000708e00000|100%| O|  |TAMS 0x0000000708e00000| PB 0x0000000708c00000| Updating 
|  71|0x0000000708e00000, 0x0000000709000000, 0x0000000709000000|100%| O|  |TAMS 0x0000000709000000| PB 0x0000000708e00000| Updating 
|  72|0x0000000709000000, 0x0000000709200000, 0x0000000709200000|100%| O|  |TAMS 0x0000000709200000| PB 0x0000000709000000| Updating 
|  73|0x0000000709200000, 0x0000000709400000, 0x0000000709400000|100%| O|  |TAMS 0x0000000709400000| PB 0x0000000709200000| Updating 
|  74|0x0000000709400000, 0x0000000709600000, 0x0000000709600000|100%| O|  |TAMS 0x0000000709600000| PB 0x0000000709400000| Untracked 
|  75|0x0000000709600000, 0x0000000709800000, 0x0000000709800000|100%| O|  |TAMS 0x0000000709800000| PB 0x0000000709600000| Untracked 
|  76|0x0000000709800000, 0x0000000709a00000, 0x0000000709a00000|100%| O|  |TAMS 0x0000000709a00000| PB 0x0000000709800000| Updating 
|  77|0x0000000709a00000, 0x0000000709c00000, 0x0000000709c00000|100%| O|  |TAMS 0x0000000709c00000| PB 0x0000000709a00000| Updating 
|  78|0x0000000709c00000, 0x0000000709e00000, 0x0000000709e00000|100%| O|  |TAMS 0x0000000709e00000| PB 0x0000000709c00000| Updating 
|  79|0x0000000709e00000, 0x000000070a000000, 0x000000070a000000|100%| O|  |TAMS 0x000000070a000000| PB 0x0000000709e00000| Updating 
|  80|0x000000070a000000, 0x000000070a200000, 0x000000070a200000|100%| O|  |TAMS 0x000000070a200000| PB 0x000000070a000000| Updating 
|  81|0x000000070a200000, 0x000000070a400000, 0x000000070a400000|100%| O|  |TAMS 0x000000070a400000| PB 0x000000070a200000| Updating 
|  82|0x000000070a400000, 0x000000070a600000, 0x000000070a600000|100%| O|  |TAMS 0x000000070a600000| PB 0x000000070a400000| Untracked 
|  83|0x000000070a600000, 0x000000070a800000, 0x000000070a800000|100%| O|  |TAMS 0x000000070a800000| PB 0x000000070a600000| Updating 
|  84|0x000000070a800000, 0x000000070aa00000, 0x000000070aa00000|100%| O|  |TAMS 0x000000070aa00000| PB 0x000000070a800000| Updating 
|  85|0x000000070aa00000, 0x000000070ac00000, 0x000000070ac00000|100%| O|  |TAMS 0x000000070ac00000| PB 0x000000070aa00000| Untracked 
|  86|0x000000070ac00000, 0x000000070ae00000, 0x000000070ae00000|100%| O|  |TAMS 0x000000070ae00000| PB 0x000000070ae00000| Updating 
|  87|0x000000070ae00000, 0x000000070b000000, 0x000000070b000000|100%| O|  |TAMS 0x000000070b000000| PB 0x000000070b000000| Updating 
|  88|0x000000070b000000, 0x000000070b200000, 0x000000070b200000|100%| O|  |TAMS 0x000000070b200000| PB 0x000000070b200000| Updating 
|  89|0x000000070b200000, 0x000000070b400000, 0x000000070b400000|100%| O|  |TAMS 0x000000070b400000| PB 0x000000070b400000| Updating 
|  90|0x000000070b400000, 0x000000070b600000, 0x000000070b600000|100%| O|  |TAMS 0x000000070b600000| PB 0x000000070b600000| Updating 
|  91|0x000000070b600000, 0x000000070b800000, 0x000000070b800000|100%| O|  |TAMS 0x000000070b800000| PB 0x000000070b800000| Updating 
|  92|0x000000070b800000, 0x000000070ba00000, 0x000000070ba00000|100%| O|  |TAMS 0x000000070ba00000| PB 0x000000070ba00000| Updating 
|  93|0x000000070ba00000, 0x000000070bc00000, 0x000000070bc00000|100%| O|  |TAMS 0x000000070bc00000| PB 0x000000070bc00000| Untracked 
|  94|0x000000070bc00000, 0x000000070be00000, 0x000000070be00000|100%| O|  |TAMS 0x000000070be00000| PB 0x000000070be00000| Updating 
|  95|0x000000070be00000, 0x000000070c000000, 0x000000070c000000|100%| O|  |TAMS 0x000000070c000000| PB 0x000000070c000000| Updating 
|  96|0x000000070c000000, 0x000000070c200000, 0x000000070c200000|100%| O|  |TAMS 0x000000070c200000| PB 0x000000070c200000| Updating 
|  97|0x000000070c200000, 0x000000070c400000, 0x000000070c400000|100%| O|  |TAMS 0x000000070c400000| PB 0x000000070c400000| Updating 
|  98|0x000000070c400000, 0x000000070c600000, 0x000000070c600000|100%| O|  |TAMS 0x000000070c600000| PB 0x000000070c600000| Untracked 
|  99|0x000000070c600000, 0x000000070c800000, 0x000000070c800000|100%| O|  |TAMS 0x000000070c800000| PB 0x000000070c800000| Untracked 
| 100|0x000000070c800000, 0x000000070ca00000, 0x000000070ca00000|100%| O|  |TAMS 0x000000070ca00000| PB 0x000000070ca00000| Updating 
| 101|0x000000070ca00000, 0x000000070cc00000, 0x000000070cc00000|100%| O|  |TAMS 0x000000070cc00000| PB 0x000000070cc00000| Updating 
| 102|0x000000070cc00000, 0x000000070ce00000, 0x000000070ce00000|100%| O|  |TAMS 0x000000070ce00000| PB 0x000000070ce00000| Updating 
| 103|0x000000070ce00000, 0x000000070d000000, 0x000000070d000000|100%| O|  |TAMS 0x000000070d000000| PB 0x000000070d000000| Updating 
| 104|0x000000070d000000, 0x000000070d200000, 0x000000070d200000|100%| O|  |TAMS 0x000000070d200000| PB 0x000000070d200000| Updating 
| 105|0x000000070d200000, 0x000000070d400000, 0x000000070d400000|100%| O|  |TAMS 0x000000070d400000| PB 0x000000070d400000| Updating 
| 106|0x000000070d400000, 0x000000070d600000, 0x000000070d600000|100%| O|  |TAMS 0x000000070d600000| PB 0x000000070d600000| Updating 
| 107|0x000000070d600000, 0x000000070d800000, 0x000000070d800000|100%| O|  |TAMS 0x000000070d800000| PB 0x000000070d800000| Updating 
| 108|0x000000070d800000, 0x000000070da00000, 0x000000070da00000|100%| O|  |TAMS 0x000000070da00000| PB 0x000000070da00000| Updating 
| 109|0x000000070da00000, 0x000000070dc00000, 0x000000070dc00000|100%| O|  |TAMS 0x000000070dc00000| PB 0x000000070dc00000| Updating 
| 110|0x000000070dc00000, 0x000000070de00000, 0x000000070de00000|100%| O|  |TAMS 0x000000070de00000| PB 0x000000070de00000| Updating 
| 111|0x000000070de00000, 0x000000070de00000, 0x000000070e000000|  0%| F|  |TAMS 0x000000070de00000| PB 0x000000070de00000| Untracked 
| 112|0x000000070e000000, 0x000000070e200000, 0x000000070e200000|100%| O|  |TAMS 0x000000070e200000| PB 0x000000070e200000| Updating 
| 113|0x000000070e200000, 0x000000070e400000, 0x000000070e400000|100%| O|  |TAMS 0x000000070e400000| PB 0x000000070e400000| Updating 
| 114|0x000000070e400000, 0x000000070e600000, 0x000000070e600000|100%| O|  |TAMS 0x000000070e600000| PB 0x000000070e600000| Untracked 
| 115|0x000000070e600000, 0x000000070e800000, 0x000000070e800000|100%| O|  |TAMS 0x000000070e800000| PB 0x000000070e800000| Updating 
| 116|0x000000070e800000, 0x000000070e800000, 0x000000070ea00000|  0%| F|  |TAMS 0x000000070e800000| PB 0x000000070e800000| Untracked 
| 117|0x000000070ea00000, 0x000000070ec00000, 0x000000070ec00000|100%| O|  |TAMS 0x000000070ec00000| PB 0x000000070ec00000| Updating 
| 118|0x000000070ec00000, 0x000000070ee00000, 0x000000070ee00000|100%| O|  |TAMS 0x000000070ee00000| PB 0x000000070ee00000| Updating 
| 119|0x000000070ee00000, 0x000000070f000000, 0x000000070f000000|100%| O|  |TAMS 0x000000070f000000| PB 0x000000070f000000| Updating 
| 120|0x000000070f000000, 0x000000070f200000, 0x000000070f200000|100%| O|  |TAMS 0x000000070f200000| PB 0x000000070f200000| Updating 
| 121|0x000000070f200000, 0x000000070f200000, 0x000000070f400000|  0%| F|  |TAMS 0x000000070f200000| PB 0x000000070f200000| Untracked 
| 122|0x000000070f400000, 0x000000070f400000, 0x000000070f600000|  0%| F|  |TAMS 0x000000070f400000| PB 0x000000070f400000| Untracked 
| 123|0x000000070f600000, 0x000000070f600000, 0x000000070f800000|  0%| F|  |TAMS 0x000000070f600000| PB 0x000000070f600000| Untracked 
| 124|0x000000070f800000, 0x000000070fa00000, 0x000000070fa00000|100%| O|  |TAMS 0x000000070fa00000| PB 0x000000070fa00000| Updating 
| 125|0x000000070fa00000, 0x000000070fc00000, 0x000000070fc00000|100%| O|  |TAMS 0x000000070fc00000| PB 0x000000070fc00000| Updating 
| 126|0x000000070fc00000, 0x000000070fe00000, 0x000000070fe00000|100%| O|  |TAMS 0x000000070fe00000| PB 0x000000070fe00000| Updating 
| 127|0x000000070fe00000, 0x0000000710000000, 0x0000000710000000|100%| O|  |TAMS 0x0000000710000000| PB 0x0000000710000000| Updating 
| 128|0x0000000710000000, 0x0000000710200000, 0x0000000710200000|100%| O|  |TAMS 0x0000000710200000| PB 0x0000000710200000| Updating 
| 129|0x0000000710200000, 0x0000000710400000, 0x0000000710400000|100%| O|  |TAMS 0x0000000710400000| PB 0x0000000710400000| Updating 
| 130|0x0000000710400000, 0x0000000710600000, 0x0000000710600000|100%| O|  |TAMS 0x0000000710600000| PB 0x0000000710600000| Updating 
| 131|0x0000000710600000, 0x0000000710800000, 0x0000000710800000|100%| O|  |TAMS 0x0000000710800000| PB 0x0000000710800000| Updating 
| 132|0x0000000710800000, 0x0000000710a00000, 0x0000000710a00000|100%| O|  |TAMS 0x0000000710a00000| PB 0x0000000710a00000| Updating 
| 133|0x0000000710a00000, 0x0000000710c00000, 0x0000000710c00000|100%| O|  |TAMS 0x0000000710c00000| PB 0x0000000710c00000| Updating 
| 134|0x0000000710c00000, 0x0000000710e00000, 0x0000000710e00000|100%| O|  |TAMS 0x0000000710e00000| PB 0x0000000710e00000| Updating 
| 135|0x0000000710e00000, 0x0000000710e00000, 0x0000000711000000|  0%| F|  |TAMS 0x0000000710e00000| PB 0x0000000710e00000| Untracked 
| 136|0x0000000711000000, 0x0000000711000000, 0x0000000711200000|  0%| F|  |TAMS 0x0000000711000000| PB 0x0000000711000000| Untracked 
| 137|0x0000000711200000, 0x0000000711200000, 0x0000000711400000|  0%| F|  |TAMS 0x0000000711200000| PB 0x0000000711200000| Untracked 
| 138|0x0000000711400000, 0x0000000711400000, 0x0000000711600000|  0%| F|  |TAMS 0x0000000711400000| PB 0x0000000711400000| Untracked 
| 139|0x0000000711600000, 0x0000000711800000, 0x0000000711800000|100%| O|  |TAMS 0x0000000711800000| PB 0x0000000711800000| Updating 
| 140|0x0000000711800000, 0x0000000711800000, 0x0000000711a00000|  0%| F|  |TAMS 0x0000000711800000| PB 0x0000000711800000| Untracked 
| 141|0x0000000711a00000, 0x0000000711c00000, 0x0000000711c00000|100%| O|  |TAMS 0x0000000711c00000| PB 0x0000000711c00000| Updating 
| 142|0x0000000711c00000, 0x0000000711e00000, 0x0000000711e00000|100%| O|  |TAMS 0x0000000711e00000| PB 0x0000000711e00000| Updating 
| 143|0x0000000711e00000, 0x0000000712000000, 0x0000000712000000|100%| O|  |TAMS 0x0000000712000000| PB 0x0000000712000000| Updating 
| 144|0x0000000712000000, 0x0000000712200000, 0x0000000712200000|100%| O|  |TAMS 0x0000000712200000| PB 0x0000000712200000| Updating 
| 145|0x0000000712200000, 0x0000000712400000, 0x0000000712400000|100%| O|  |TAMS 0x0000000712400000| PB 0x0000000712400000| Updating 
| 146|0x0000000712400000, 0x0000000712600000, 0x0000000712600000|100%| O|  |TAMS 0x0000000712600000| PB 0x0000000712600000| Updating 
| 147|0x0000000712600000, 0x0000000712800000, 0x0000000712800000|100%| O|  |TAMS 0x0000000712800000| PB 0x0000000712800000| Updating 
| 148|0x0000000712800000, 0x0000000712a00000, 0x0000000712a00000|100%| O|  |TAMS 0x0000000712a00000| PB 0x0000000712a00000| Updating 
| 149|0x0000000712a00000, 0x0000000712c00000, 0x0000000712c00000|100%| O|  |TAMS 0x0000000712c00000| PB 0x0000000712c00000| Updating 
| 150|0x0000000712c00000, 0x0000000712e00000, 0x0000000712e00000|100%| O|  |TAMS 0x0000000712e00000| PB 0x0000000712e00000| Updating 
| 151|0x0000000712e00000, 0x0000000713000000, 0x0000000713000000|100%| O|  |TAMS 0x0000000713000000| PB 0x0000000713000000| Updating 
| 152|0x0000000713000000, 0x0000000713200000, 0x0000000713200000|100%| O|  |TAMS 0x0000000713200000| PB 0x0000000713200000| Updating 
| 153|0x0000000713200000, 0x0000000713400000, 0x0000000713400000|100%| O|  |TAMS 0x0000000713400000| PB 0x0000000713400000| Untracked 
| 154|0x0000000713400000, 0x0000000713600000, 0x0000000713600000|100%| O|  |TAMS 0x0000000713600000| PB 0x0000000713600000| Updating 
| 155|0x0000000713600000, 0x0000000713800000, 0x0000000713800000|100%| O|  |TAMS 0x0000000713800000| PB 0x0000000713800000| Updating 
| 156|0x0000000713800000, 0x0000000713a00000, 0x0000000713a00000|100%| O|  |TAMS 0x0000000713a00000| PB 0x0000000713a00000| Updating 
| 157|0x0000000713a00000, 0x0000000713c00000, 0x0000000713c00000|100%| O|  |TAMS 0x0000000713c00000| PB 0x0000000713c00000| Updating 
| 158|0x0000000713c00000, 0x0000000713e00000, 0x0000000713e00000|100%| O|  |TAMS 0x0000000713e00000| PB 0x0000000713e00000| Updating 
| 159|0x0000000713e00000, 0x0000000714000000, 0x0000000714000000|100%| O|  |TAMS 0x0000000714000000| PB 0x0000000714000000| Updating 
| 160|0x0000000714000000, 0x0000000714200000, 0x0000000714200000|100%| O|  |TAMS 0x0000000714200000| PB 0x0000000714200000| Updating 
| 161|0x0000000714200000, 0x0000000714400000, 0x0000000714400000|100%| O|  |TAMS 0x0000000714400000| PB 0x0000000714400000| Updating 
| 162|0x0000000714400000, 0x0000000714600000, 0x0000000714600000|100%| O|  |TAMS 0x0000000714600000| PB 0x0000000714600000| Updating 
| 163|0x0000000714600000, 0x0000000714800000, 0x0000000714800000|100%| O|  |TAMS 0x0000000714800000| PB 0x0000000714800000| Updating 
| 164|0x0000000714800000, 0x0000000714a00000, 0x0000000714a00000|100%| O|  |TAMS 0x0000000714a00000| PB 0x0000000714a00000| Updating 
| 165|0x0000000714a00000, 0x0000000714c00000, 0x0000000714c00000|100%| O|  |TAMS 0x0000000714c00000| PB 0x0000000714c00000| Updating 
| 166|0x0000000714c00000, 0x0000000714e00000, 0x0000000714e00000|100%| O|  |TAMS 0x0000000714e00000| PB 0x0000000714e00000| Untracked 
| 167|0x0000000714e00000, 0x0000000715000000, 0x0000000715000000|100%| O|  |TAMS 0x0000000715000000| PB 0x0000000715000000| Untracked 
| 168|0x0000000715000000, 0x0000000715200000, 0x0000000715200000|100%| O|  |TAMS 0x0000000715200000| PB 0x0000000715200000| Updating 
| 169|0x0000000715200000, 0x0000000715400000, 0x0000000715400000|100%| O|  |TAMS 0x0000000715400000| PB 0x0000000715400000| Updating 
| 170|0x0000000715400000, 0x0000000715600000, 0x0000000715600000|100%| O|  |TAMS 0x0000000715600000| PB 0x0000000715600000| Updating 
| 171|0x0000000715600000, 0x0000000715800000, 0x0000000715800000|100%| O|  |TAMS 0x0000000715800000| PB 0x0000000715800000| Updating 
| 172|0x0000000715800000, 0x0000000715a00000, 0x0000000715a00000|100%| O|  |TAMS 0x0000000715a00000| PB 0x0000000715a00000| Updating 
| 173|0x0000000715a00000, 0x0000000715c00000, 0x0000000715c00000|100%| O|  |TAMS 0x0000000715c00000| PB 0x0000000715c00000| Updating 
| 174|0x0000000715c00000, 0x0000000715e00000, 0x0000000715e00000|100%| O|  |TAMS 0x0000000715e00000| PB 0x0000000715e00000| Updating 
| 175|0x0000000715e00000, 0x0000000716000000, 0x0000000716000000|100%| O|  |TAMS 0x0000000716000000| PB 0x0000000716000000| Untracked 
| 176|0x0000000716000000, 0x0000000716200000, 0x0000000716200000|100%| O|  |TAMS 0x0000000716200000| PB 0x0000000716200000| Updating 
| 177|0x0000000716200000, 0x0000000716400000, 0x0000000716400000|100%| O|  |TAMS 0x0000000716400000| PB 0x0000000716400000| Updating 
| 178|0x0000000716400000, 0x0000000716600000, 0x0000000716600000|100%| O|  |TAMS 0x0000000716600000| PB 0x0000000716600000| Updating 
| 179|0x0000000716600000, 0x0000000716800000, 0x0000000716800000|100%| O|  |TAMS 0x0000000716800000| PB 0x0000000716800000| Updating 
| 180|0x0000000716800000, 0x0000000716a00000, 0x0000000716a00000|100%| O|  |TAMS 0x0000000716a00000| PB 0x0000000716a00000| Untracked 
| 181|0x0000000716a00000, 0x0000000716c00000, 0x0000000716c00000|100%| O|  |TAMS 0x0000000716c00000| PB 0x0000000716c00000| Updating 
| 182|0x0000000716c00000, 0x0000000716e00000, 0x0000000716e00000|100%| O|  |TAMS 0x0000000716e00000| PB 0x0000000716e00000| Untracked 
| 183|0x0000000716e00000, 0x0000000717000000, 0x0000000717000000|100%| O|  |TAMS 0x0000000717000000| PB 0x0000000717000000| Updating 
| 184|0x0000000717000000, 0x0000000717200000, 0x0000000717200000|100%| O|  |TAMS 0x0000000717200000| PB 0x0000000717200000| Updating 
| 185|0x0000000717200000, 0x0000000717400000, 0x0000000717400000|100%| O|  |TAMS 0x0000000717400000| PB 0x0000000717400000| Updating 
| 186|0x0000000717400000, 0x0000000717400000, 0x0000000717600000|  0%| F|  |TAMS 0x0000000717400000| PB 0x0000000717400000| Untracked 
| 187|0x0000000717600000, 0x0000000717800000, 0x0000000717800000|100%| O|  |TAMS 0x0000000717800000| PB 0x0000000717800000| Updating 
| 188|0x0000000717800000, 0x0000000717a00000, 0x0000000717a00000|100%| O|  |TAMS 0x0000000717a00000| PB 0x0000000717a00000| Updating 
| 189|0x0000000717a00000, 0x0000000717c00000, 0x0000000717c00000|100%| O|  |TAMS 0x0000000717c00000| PB 0x0000000717c00000| Updating 
| 190|0x0000000717c00000, 0x0000000717e00000, 0x0000000717e00000|100%| O|  |TAMS 0x0000000717e00000| PB 0x0000000717e00000| Untracked 
| 191|0x0000000717e00000, 0x0000000718000000, 0x0000000718000000|100%| O|  |TAMS 0x0000000718000000| PB 0x0000000718000000| Untracked 
| 192|0x0000000718000000, 0x0000000718200000, 0x0000000718200000|100%| O|  |TAMS 0x0000000718200000| PB 0x0000000718200000| Updating 
| 193|0x0000000718200000, 0x0000000718400000, 0x0000000718400000|100%| O|  |TAMS 0x0000000718400000| PB 0x0000000718400000| Updating 
| 194|0x0000000718400000, 0x0000000718600000, 0x0000000718600000|100%| O|  |TAMS 0x0000000718600000| PB 0x0000000718600000| Untracked 
| 195|0x0000000718600000, 0x0000000718800000, 0x0000000718800000|100%| O|  |TAMS 0x0000000718800000| PB 0x0000000718800000| Untracked 
| 196|0x0000000718800000, 0x0000000718a00000, 0x0000000718a00000|100%| O|  |TAMS 0x0000000718a00000| PB 0x0000000718a00000| Untracked 
| 197|0x0000000718a00000, 0x0000000718c00000, 0x0000000718c00000|100%| O|  |TAMS 0x0000000718c00000| PB 0x0000000718c00000| Untracked 
| 198|0x0000000718c00000, 0x0000000718e00000, 0x0000000718e00000|100%| O|  |TAMS 0x0000000718e00000| PB 0x0000000718e00000| Untracked 
| 199|0x0000000718e00000, 0x0000000719000000, 0x0000000719000000|100%| O|  |TAMS 0x0000000719000000| PB 0x0000000719000000| Updating 
| 200|0x0000000719000000, 0x0000000719200000, 0x0000000719200000|100%| O|  |TAMS 0x0000000719200000| PB 0x0000000719200000| Updating 
| 201|0x0000000719200000, 0x0000000719400000, 0x0000000719400000|100%| O|  |TAMS 0x0000000719400000| PB 0x0000000719400000| Updating 
| 202|0x0000000719400000, 0x0000000719600000, 0x0000000719600000|100%| O|  |TAMS 0x0000000719600000| PB 0x0000000719600000| Updating 
| 203|0x0000000719600000, 0x0000000719800000, 0x0000000719800000|100%| O|  |TAMS 0x0000000719800000| PB 0x0000000719800000| Updating 
| 204|0x0000000719800000, 0x0000000719900000, 0x0000000719a00000| 50%| O|  |TAMS 0x0000000719900000| PB 0x0000000719900000| Updating 
| 205|0x0000000719a00000, 0x0000000719a00000, 0x0000000719c00000|  0%| F|  |TAMS 0x0000000719a00000| PB 0x0000000719a00000| Untracked 
| 206|0x0000000719c00000, 0x0000000719c00000, 0x0000000719e00000|  0%| F|  |TAMS 0x0000000719c00000| PB 0x0000000719c00000| Untracked 
| 207|0x0000000719e00000, 0x0000000719e00000, 0x000000071a000000|  0%| F|  |TAMS 0x0000000719e00000| PB 0x0000000719e00000| Untracked 
| 208|0x000000071a000000, 0x000000071a000000, 0x000000071a200000|  0%| F|  |TAMS 0x000000071a000000| PB 0x000000071a000000| Untracked 
| 209|0x000000071a200000, 0x000000071a200000, 0x000000071a400000|  0%| F|  |TAMS 0x000000071a200000| PB 0x000000071a200000| Untracked 
| 210|0x000000071a400000, 0x000000071a400000, 0x000000071a600000|  0%| F|  |TAMS 0x000000071a400000| PB 0x000000071a400000| Untracked 
| 211|0x000000071a600000, 0x000000071a600000, 0x000000071a800000|  0%| F|  |TAMS 0x000000071a600000| PB 0x000000071a600000| Untracked 
| 212|0x000000071a800000, 0x000000071a800000, 0x000000071aa00000|  0%| F|  |TAMS 0x000000071a800000| PB 0x000000071a800000| Untracked 
| 213|0x000000071aa00000, 0x000000071aa00000, 0x000000071ac00000|  0%| F|  |TAMS 0x000000071aa00000| PB 0x000000071aa00000| Untracked 
| 214|0x000000071ac00000, 0x000000071ac00000, 0x000000071ae00000|  0%| F|  |TAMS 0x000000071ac00000| PB 0x000000071ac00000| Untracked 
| 215|0x000000071ae00000, 0x000000071ae00000, 0x000000071b000000|  0%| F|  |TAMS 0x000000071ae00000| PB 0x000000071ae00000| Untracked 
| 216|0x000000071b000000, 0x000000071b000000, 0x000000071b200000|  0%| F|  |TAMS 0x000000071b000000| PB 0x000000071b000000| Untracked 
| 217|0x000000071b200000, 0x000000071b200000, 0x000000071b400000|  0%| F|  |TAMS 0x000000071b200000| PB 0x000000071b200000| Untracked 
| 218|0x000000071b400000, 0x000000071b400000, 0x000000071b600000|  0%| F|  |TAMS 0x000000071b400000| PB 0x000000071b400000| Untracked 
| 219|0x000000071b600000, 0x000000071b600000, 0x000000071b800000|  0%| F|  |TAMS 0x000000071b600000| PB 0x000000071b600000| Untracked 
| 220|0x000000071b800000, 0x000000071b800000, 0x000000071ba00000|  0%| F|  |TAMS 0x000000071b800000| PB 0x000000071b800000| Untracked 
| 221|0x000000071ba00000, 0x000000071ba00000, 0x000000071bc00000|  0%| F|  |TAMS 0x000000071ba00000| PB 0x000000071ba00000| Untracked 
| 222|0x000000071bc00000, 0x000000071bc00000, 0x000000071be00000|  0%| F|  |TAMS 0x000000071bc00000| PB 0x000000071bc00000| Untracked 
| 223|0x000000071be00000, 0x000000071be00000, 0x000000071c000000|  0%| F|  |TAMS 0x000000071be00000| PB 0x000000071be00000| Untracked 
| 224|0x000000071c000000, 0x000000071c000000, 0x000000071c200000|  0%| F|  |TAMS 0x000000071c000000| PB 0x000000071c000000| Untracked 
| 225|0x000000071c200000, 0x000000071c200000, 0x000000071c400000|  0%| F|  |TAMS 0x000000071c200000| PB 0x000000071c200000| Untracked 
| 226|0x000000071c400000, 0x000000071c400000, 0x000000071c600000|  0%| F|  |TAMS 0x000000071c400000| PB 0x000000071c400000| Untracked 
| 227|0x000000071c600000, 0x000000071c600000, 0x000000071c800000|  0%| F|  |TAMS 0x000000071c600000| PB 0x000000071c600000| Untracked 
| 228|0x000000071c800000, 0x000000071c800000, 0x000000071ca00000|  0%| F|  |TAMS 0x000000071c800000| PB 0x000000071c800000| Untracked 
| 229|0x000000071ca00000, 0x000000071ca00000, 0x000000071cc00000|  0%| F|  |TAMS 0x000000071ca00000| PB 0x000000071ca00000| Untracked 
| 230|0x000000071cc00000, 0x000000071cc00000, 0x000000071ce00000|  0%| F|  |TAMS 0x000000071cc00000| PB 0x000000071cc00000| Untracked 
| 231|0x000000071ce00000, 0x000000071ce00000, 0x000000071d000000|  0%| F|  |TAMS 0x000000071ce00000| PB 0x000000071ce00000| Untracked 
| 232|0x000000071d000000, 0x000000071d000000, 0x000000071d200000|  0%| F|  |TAMS 0x000000071d000000| PB 0x000000071d000000| Untracked 
| 233|0x000000071d200000, 0x000000071d200000, 0x000000071d400000|  0%| F|  |TAMS 0x000000071d200000| PB 0x000000071d200000| Untracked 
| 234|0x000000071d400000, 0x000000071d400000, 0x000000071d600000|  0%| F|  |TAMS 0x000000071d400000| PB 0x000000071d400000| Untracked 
| 235|0x000000071d600000, 0x000000071d600000, 0x000000071d800000|  0%| F|  |TAMS 0x000000071d600000| PB 0x000000071d600000| Untracked 
| 236|0x000000071d800000, 0x000000071d800000, 0x000000071da00000|  0%| F|  |TAMS 0x000000071d800000| PB 0x000000071d800000| Untracked 
| 237|0x000000071da00000, 0x000000071da00000, 0x000000071dc00000|  0%| F|  |TAMS 0x000000071da00000| PB 0x000000071da00000| Untracked 
| 238|0x000000071dc00000, 0x000000071dc00000, 0x000000071de00000|  0%| F|  |TAMS 0x000000071dc00000| PB 0x000000071dc00000| Untracked 
| 239|0x000000071de00000, 0x000000071de00000, 0x000000071e000000|  0%| F|  |TAMS 0x000000071de00000| PB 0x000000071de00000| Untracked 
| 240|0x000000071e000000, 0x000000071e000000, 0x000000071e200000|  0%| F|  |TAMS 0x000000071e000000| PB 0x000000071e000000| Untracked 
| 241|0x000000071e200000, 0x000000071e200000, 0x000000071e400000|  0%| F|  |TAMS 0x000000071e200000| PB 0x000000071e200000| Untracked 
| 242|0x000000071e400000, 0x000000071e400000, 0x000000071e600000|  0%| F|  |TAMS 0x000000071e400000| PB 0x000000071e400000| Untracked 
| 243|0x000000071e600000, 0x000000071e600000, 0x000000071e800000|  0%| F|  |TAMS 0x000000071e600000| PB 0x000000071e600000| Untracked 
| 244|0x000000071e800000, 0x000000071e800000, 0x000000071ea00000|  0%| F|  |TAMS 0x000000071e800000| PB 0x000000071e800000| Untracked 
| 245|0x000000071ea00000, 0x000000071ea00000, 0x000000071ec00000|  0%| F|  |TAMS 0x000000071ea00000| PB 0x000000071ea00000| Untracked 
| 246|0x000000071ec00000, 0x000000071ec00000, 0x000000071ee00000|  0%| F|  |TAMS 0x000000071ec00000| PB 0x000000071ec00000| Untracked 
| 247|0x000000071ee00000, 0x000000071ee00000, 0x000000071f000000|  0%| F|  |TAMS 0x000000071ee00000| PB 0x000000071ee00000| Untracked 
| 248|0x000000071f000000, 0x000000071f000000, 0x000000071f200000|  0%| F|  |TAMS 0x000000071f000000| PB 0x000000071f000000| Untracked 
| 249|0x000000071f200000, 0x000000071f200000, 0x000000071f400000|  0%| F|  |TAMS 0x000000071f200000| PB 0x000000071f200000| Untracked 
| 250|0x000000071f400000, 0x000000071f400000, 0x000000071f600000|  0%| F|  |TAMS 0x000000071f400000| PB 0x000000071f400000| Untracked 
| 251|0x000000071f600000, 0x000000071f600000, 0x000000071f800000|  0%| F|  |TAMS 0x000000071f600000| PB 0x000000071f600000| Untracked 
| 252|0x000000071f800000, 0x000000071f800000, 0x000000071fa00000|  0%| F|  |TAMS 0x000000071f800000| PB 0x000000071f800000| Untracked 
| 253|0x000000071fa00000, 0x000000071fa00000, 0x000000071fc00000|  0%| F|  |TAMS 0x000000071fa00000| PB 0x000000071fa00000| Untracked 
| 254|0x000000071fc00000, 0x000000071fc00000, 0x000000071fe00000|  0%| F|  |TAMS 0x000000071fc00000| PB 0x000000071fc00000| Untracked 
| 255|0x000000071fe00000, 0x000000071fe00000, 0x0000000720000000|  0%| F|  |TAMS 0x000000071fe00000| PB 0x000000071fe00000| Untracked 
| 256|0x0000000720000000, 0x0000000720000000, 0x0000000720200000|  0%| F|  |TAMS 0x0000000720000000| PB 0x0000000720000000| Untracked 
| 257|0x0000000720200000, 0x0000000720200000, 0x0000000720400000|  0%| F|  |TAMS 0x0000000720200000| PB 0x0000000720200000| Untracked 
| 258|0x0000000720400000, 0x0000000720400000, 0x0000000720600000|  0%| F|  |TAMS 0x0000000720400000| PB 0x0000000720400000| Untracked 
| 259|0x0000000720600000, 0x0000000720600000, 0x0000000720800000|  0%| F|  |TAMS 0x0000000720600000| PB 0x0000000720600000| Untracked 
| 260|0x0000000720800000, 0x0000000720800000, 0x0000000720a00000|  0%| F|  |TAMS 0x0000000720800000| PB 0x0000000720800000| Untracked 
| 261|0x0000000720a00000, 0x0000000720a00000, 0x0000000720c00000|  0%| F|  |TAMS 0x0000000720a00000| PB 0x0000000720a00000| Untracked 
| 262|0x0000000720c00000, 0x0000000720c00000, 0x0000000720e00000|  0%| F|  |TAMS 0x0000000720c00000| PB 0x0000000720c00000| Untracked 
| 263|0x0000000720e00000, 0x0000000720e00000, 0x0000000721000000|  0%| F|  |TAMS 0x0000000720e00000| PB 0x0000000720e00000| Untracked 
| 264|0x0000000721000000, 0x0000000721000000, 0x0000000721200000|  0%| F|  |TAMS 0x0000000721000000| PB 0x0000000721000000| Untracked 
| 265|0x0000000721200000, 0x0000000721200000, 0x0000000721400000|  0%| F|  |TAMS 0x0000000721200000| PB 0x0000000721200000| Untracked 
| 266|0x0000000721400000, 0x0000000721400000, 0x0000000721600000|  0%| F|  |TAMS 0x0000000721400000| PB 0x0000000721400000| Untracked 
| 267|0x0000000721600000, 0x0000000721600000, 0x0000000721800000|  0%| F|  |TAMS 0x0000000721600000| PB 0x0000000721600000| Untracked 
| 268|0x0000000721800000, 0x0000000721800000, 0x0000000721a00000|  0%| F|  |TAMS 0x0000000721800000| PB 0x0000000721800000| Untracked 
| 269|0x0000000721a00000, 0x0000000721a00000, 0x0000000721c00000|  0%| F|  |TAMS 0x0000000721a00000| PB 0x0000000721a00000| Untracked 
| 270|0x0000000721c00000, 0x0000000721c00000, 0x0000000721e00000|  0%| F|  |TAMS 0x0000000721c00000| PB 0x0000000721c00000| Untracked 
| 271|0x0000000721e00000, 0x0000000721e00000, 0x0000000722000000|  0%| F|  |TAMS 0x0000000721e00000| PB 0x0000000721e00000| Untracked 
| 272|0x0000000722000000, 0x0000000722000000, 0x0000000722200000|  0%| F|  |TAMS 0x0000000722000000| PB 0x0000000722000000| Untracked 
| 273|0x0000000722200000, 0x0000000722200000, 0x0000000722400000|  0%| F|  |TAMS 0x0000000722200000| PB 0x0000000722200000| Untracked 
| 274|0x0000000722400000, 0x0000000722400000, 0x0000000722600000|  0%| F|  |TAMS 0x0000000722400000| PB 0x0000000722400000| Untracked 
| 275|0x0000000722600000, 0x0000000722600000, 0x0000000722800000|  0%| F|  |TAMS 0x0000000722600000| PB 0x0000000722600000| Untracked 
| 276|0x0000000722800000, 0x0000000722800000, 0x0000000722a00000|  0%| F|  |TAMS 0x0000000722800000| PB 0x0000000722800000| Untracked 
| 277|0x0000000722a00000, 0x0000000722a00000, 0x0000000722c00000|  0%| F|  |TAMS 0x0000000722a00000| PB 0x0000000722a00000| Untracked 
| 278|0x0000000722c00000, 0x0000000722c00000, 0x0000000722e00000|  0%| F|  |TAMS 0x0000000722c00000| PB 0x0000000722c00000| Untracked 
| 279|0x0000000722e00000, 0x0000000722e00000, 0x0000000723000000|  0%| F|  |TAMS 0x0000000722e00000| PB 0x0000000722e00000| Untracked 
| 280|0x0000000723000000, 0x0000000723000000, 0x0000000723200000|  0%| F|  |TAMS 0x0000000723000000| PB 0x0000000723000000| Untracked 
| 281|0x0000000723200000, 0x0000000723200000, 0x0000000723400000|  0%| F|  |TAMS 0x0000000723200000| PB 0x0000000723200000| Untracked 
| 282|0x0000000723400000, 0x0000000723400000, 0x0000000723600000|  0%| F|  |TAMS 0x0000000723400000| PB 0x0000000723400000| Untracked 
| 283|0x0000000723600000, 0x0000000723600000, 0x0000000723800000|  0%| F|  |TAMS 0x0000000723600000| PB 0x0000000723600000| Untracked 
| 284|0x0000000723800000, 0x0000000723800000, 0x0000000723a00000|  0%| F|  |TAMS 0x0000000723800000| PB 0x0000000723800000| Untracked 
| 285|0x0000000723a00000, 0x0000000723a00000, 0x0000000723c00000|  0%| F|  |TAMS 0x0000000723a00000| PB 0x0000000723a00000| Untracked 
| 286|0x0000000723c00000, 0x0000000723c00000, 0x0000000723e00000|  0%| F|  |TAMS 0x0000000723c00000| PB 0x0000000723c00000| Untracked 
| 287|0x0000000723e00000, 0x0000000723e00000, 0x0000000724000000|  0%| F|  |TAMS 0x0000000723e00000| PB 0x0000000723e00000| Untracked 
| 288|0x0000000724000000, 0x0000000724000000, 0x0000000724200000|  0%| F|  |TAMS 0x0000000724000000| PB 0x0000000724000000| Untracked 
| 289|0x0000000724200000, 0x0000000724200000, 0x0000000724400000|  0%| F|  |TAMS 0x0000000724200000| PB 0x0000000724200000| Untracked 
| 290|0x0000000724400000, 0x0000000724400000, 0x0000000724600000|  0%| F|  |TAMS 0x0000000724400000| PB 0x0000000724400000| Untracked 
| 291|0x0000000724600000, 0x0000000724800000, 0x0000000724800000|100%| O|  |TAMS 0x0000000724800000| PB 0x0000000724800000| Updating 
| 292|0x0000000724800000, 0x0000000724800000, 0x0000000724a00000|  0%| F|  |TAMS 0x0000000724800000| PB 0x0000000724800000| Untracked 
| 293|0x0000000724a00000, 0x0000000724a00000, 0x0000000724c00000|  0%| F|  |TAMS 0x0000000724a00000| PB 0x0000000724a00000| Untracked 
| 294|0x0000000724c00000, 0x0000000724c00000, 0x0000000724e00000|  0%| F|  |TAMS 0x0000000724c00000| PB 0x0000000724c00000| Untracked 
| 295|0x0000000724e00000, 0x0000000724e00000, 0x0000000725000000|  0%| F|  |TAMS 0x0000000724e00000| PB 0x0000000724e00000| Untracked 
| 296|0x0000000725000000, 0x0000000725000000, 0x0000000725200000|  0%| F|  |TAMS 0x0000000725000000| PB 0x0000000725000000| Untracked 
| 297|0x0000000725200000, 0x0000000725200000, 0x0000000725400000|  0%| F|  |TAMS 0x0000000725200000| PB 0x0000000725200000| Untracked 
| 298|0x0000000725400000, 0x0000000725400000, 0x0000000725600000|  0%| F|  |TAMS 0x0000000725400000| PB 0x0000000725400000| Untracked 
| 299|0x0000000725600000, 0x0000000725600000, 0x0000000725800000|  0%| F|  |TAMS 0x0000000725600000| PB 0x0000000725600000| Untracked 
| 300|0x0000000725800000, 0x0000000725800000, 0x0000000725a00000|  0%| F|  |TAMS 0x0000000725800000| PB 0x0000000725800000| Untracked 
| 301|0x0000000725a00000, 0x0000000725a00000, 0x0000000725c00000|  0%| F|  |TAMS 0x0000000725a00000| PB 0x0000000725a00000| Untracked 
| 302|0x0000000725c00000, 0x0000000725c00000, 0x0000000725e00000|  0%| F|  |TAMS 0x0000000725c00000| PB 0x0000000725c00000| Untracked 
| 303|0x0000000725e00000, 0x0000000725e00000, 0x0000000726000000|  0%| F|  |TAMS 0x0000000725e00000| PB 0x0000000725e00000| Untracked 
| 304|0x0000000726000000, 0x0000000726000000, 0x0000000726200000|  0%| F|  |TAMS 0x0000000726000000| PB 0x0000000726000000| Untracked 
| 305|0x0000000726200000, 0x0000000726200000, 0x0000000726400000|  0%| F|  |TAMS 0x0000000726200000| PB 0x0000000726200000| Untracked 
| 306|0x0000000726400000, 0x0000000726400000, 0x0000000726600000|  0%| F|  |TAMS 0x0000000726400000| PB 0x0000000726400000| Untracked 
| 307|0x0000000726600000, 0x0000000726600000, 0x0000000726800000|  0%| F|  |TAMS 0x0000000726600000| PB 0x0000000726600000| Untracked 
| 308|0x0000000726800000, 0x0000000726800000, 0x0000000726a00000|  0%| F|  |TAMS 0x0000000726800000| PB 0x0000000726800000| Untracked 
| 309|0x0000000726a00000, 0x0000000726a00000, 0x0000000726c00000|  0%| F|  |TAMS 0x0000000726a00000| PB 0x0000000726a00000| Untracked 
| 310|0x0000000726c00000, 0x0000000726c00000, 0x0000000726e00000|  0%| F|  |TAMS 0x0000000726c00000| PB 0x0000000726c00000| Untracked 
| 311|0x0000000726e00000, 0x0000000726e00000, 0x0000000727000000|  0%| F|  |TAMS 0x0000000726e00000| PB 0x0000000726e00000| Untracked 
| 312|0x0000000727000000, 0x0000000727000000, 0x0000000727200000|  0%| F|  |TAMS 0x0000000727000000| PB 0x0000000727000000| Untracked 
| 313|0x0000000727200000, 0x0000000727200000, 0x0000000727400000|  0%| F|  |TAMS 0x0000000727200000| PB 0x0000000727200000| Untracked 
| 314|0x0000000727400000, 0x0000000727400000, 0x0000000727600000|  0%| F|  |TAMS 0x0000000727400000| PB 0x0000000727400000| Untracked 
| 315|0x0000000727600000, 0x0000000727600000, 0x0000000727800000|  0%| F|  |TAMS 0x0000000727600000| PB 0x0000000727600000| Untracked 
| 316|0x0000000727800000, 0x0000000727800000, 0x0000000727a00000|  0%| F|  |TAMS 0x0000000727800000| PB 0x0000000727800000| Untracked 
| 317|0x0000000727a00000, 0x0000000727a00000, 0x0000000727c00000|  0%| F|  |TAMS 0x0000000727a00000| PB 0x0000000727a00000| Untracked 
| 318|0x0000000727c00000, 0x0000000727c00000, 0x0000000727e00000|  0%| F|  |TAMS 0x0000000727c00000| PB 0x0000000727c00000| Untracked 
| 319|0x0000000727e00000, 0x0000000727e00000, 0x0000000728000000|  0%| F|  |TAMS 0x0000000727e00000| PB 0x0000000727e00000| Untracked 
| 320|0x0000000728000000, 0x0000000728000000, 0x0000000728200000|  0%| F|  |TAMS 0x0000000728000000| PB 0x0000000728000000| Untracked 
| 321|0x0000000728200000, 0x0000000728200000, 0x0000000728400000|  0%| F|  |TAMS 0x0000000728200000| PB 0x0000000728200000| Untracked 
| 322|0x0000000728400000, 0x0000000728400000, 0x0000000728600000|  0%| F|  |TAMS 0x0000000728400000| PB 0x0000000728400000| Untracked 
| 323|0x0000000728600000, 0x0000000728600000, 0x0000000728800000|  0%| F|  |TAMS 0x0000000728600000| PB 0x0000000728600000| Untracked 
| 324|0x0000000728800000, 0x0000000728800000, 0x0000000728a00000|  0%| F|  |TAMS 0x0000000728800000| PB 0x0000000728800000| Untracked 
| 325|0x0000000728a00000, 0x0000000728a00000, 0x0000000728c00000|  0%| F|  |TAMS 0x0000000728a00000| PB 0x0000000728a00000| Untracked 
| 326|0x0000000728c00000, 0x0000000728c00000, 0x0000000728e00000|  0%| F|  |TAMS 0x0000000728c00000| PB 0x0000000728c00000| Untracked 
| 327|0x0000000728e00000, 0x0000000728e00000, 0x0000000729000000|  0%| F|  |TAMS 0x0000000728e00000| PB 0x0000000728e00000| Untracked 
| 328|0x0000000729000000, 0x0000000729000000, 0x0000000729200000|  0%| F|  |TAMS 0x0000000729000000| PB 0x0000000729000000| Untracked 
| 329|0x0000000729200000, 0x0000000729200000, 0x0000000729400000|  0%| F|  |TAMS 0x0000000729200000| PB 0x0000000729200000| Untracked 
| 330|0x0000000729400000, 0x0000000729400000, 0x0000000729600000|  0%| F|  |TAMS 0x0000000729400000| PB 0x0000000729400000| Untracked 
| 331|0x0000000729600000, 0x0000000729600000, 0x0000000729800000|  0%| F|  |TAMS 0x0000000729600000| PB 0x0000000729600000| Untracked 
| 332|0x0000000729800000, 0x0000000729800000, 0x0000000729a00000|  0%| F|  |TAMS 0x0000000729800000| PB 0x0000000729800000| Untracked 
| 333|0x0000000729a00000, 0x0000000729a00000, 0x0000000729c00000|  0%| F|  |TAMS 0x0000000729a00000| PB 0x0000000729a00000| Untracked 
| 334|0x0000000729c00000, 0x0000000729c00000, 0x0000000729e00000|  0%| F|  |TAMS 0x0000000729c00000| PB 0x0000000729c00000| Untracked 
| 335|0x0000000729e00000, 0x0000000729e00000, 0x000000072a000000|  0%| F|  |TAMS 0x0000000729e00000| PB 0x0000000729e00000| Untracked 
| 336|0x000000072a000000, 0x000000072a000000, 0x000000072a200000|  0%| F|  |TAMS 0x000000072a000000| PB 0x000000072a000000| Untracked 
| 337|0x000000072a200000, 0x000000072a200000, 0x000000072a400000|  0%| F|  |TAMS 0x000000072a200000| PB 0x000000072a200000| Untracked 
| 338|0x000000072a400000, 0x000000072a400000, 0x000000072a600000|  0%| F|  |TAMS 0x000000072a400000| PB 0x000000072a400000| Untracked 
| 339|0x000000072a600000, 0x000000072a600000, 0x000000072a800000|  0%| F|  |TAMS 0x000000072a600000| PB 0x000000072a600000| Untracked 
| 340|0x000000072a800000, 0x000000072a800000, 0x000000072aa00000|  0%| F|  |TAMS 0x000000072a800000| PB 0x000000072a800000| Untracked 
| 341|0x000000072aa00000, 0x000000072aa00000, 0x000000072ac00000|  0%| F|  |TAMS 0x000000072aa00000| PB 0x000000072aa00000| Untracked 
| 342|0x000000072ac00000, 0x000000072ac00000, 0x000000072ae00000|  0%| F|  |TAMS 0x000000072ac00000| PB 0x000000072ac00000| Untracked 
| 343|0x000000072ae00000, 0x000000072ae00000, 0x000000072b000000|  0%| F|  |TAMS 0x000000072ae00000| PB 0x000000072ae00000| Untracked 
| 344|0x000000072b000000, 0x000000072b000000, 0x000000072b200000|  0%| F|  |TAMS 0x000000072b000000| PB 0x000000072b000000| Untracked 
| 345|0x000000072b200000, 0x000000072b200000, 0x000000072b400000|  0%| F|  |TAMS 0x000000072b200000| PB 0x000000072b200000| Untracked 
| 346|0x000000072b400000, 0x000000072b400000, 0x000000072b600000|  0%| F|  |TAMS 0x000000072b400000| PB 0x000000072b400000| Untracked 
| 347|0x000000072b600000, 0x000000072b600000, 0x000000072b800000|  0%| F|  |TAMS 0x000000072b600000| PB 0x000000072b600000| Untracked 
| 348|0x000000072b800000, 0x000000072b800000, 0x000000072ba00000|  0%| F|  |TAMS 0x000000072b800000| PB 0x000000072b800000| Untracked 
| 349|0x000000072ba00000, 0x000000072ba00000, 0x000000072bc00000|  0%| F|  |TAMS 0x000000072ba00000| PB 0x000000072ba00000| Untracked 
| 350|0x000000072bc00000, 0x000000072bc00000, 0x000000072be00000|  0%| F|  |TAMS 0x000000072bc00000| PB 0x000000072bc00000| Untracked 
| 351|0x000000072be00000, 0x000000072be00000, 0x000000072c000000|  0%| F|  |TAMS 0x000000072be00000| PB 0x000000072be00000| Untracked 
| 352|0x000000072c000000, 0x000000072c000000, 0x000000072c200000|  0%| F|  |TAMS 0x000000072c000000| PB 0x000000072c000000| Untracked 
| 353|0x000000072c200000, 0x000000072c200000, 0x000000072c400000|  0%| F|  |TAMS 0x000000072c200000| PB 0x000000072c200000| Untracked 
| 354|0x000000072c400000, 0x000000072c400000, 0x000000072c600000|  0%| F|  |TAMS 0x000000072c400000| PB 0x000000072c400000| Untracked 
| 355|0x000000072c600000, 0x000000072c600000, 0x000000072c800000|  0%| F|  |TAMS 0x000000072c600000| PB 0x000000072c600000| Untracked 
| 356|0x000000072c800000, 0x000000072c800000, 0x000000072ca00000|  0%| F|  |TAMS 0x000000072c800000| PB 0x000000072c800000| Untracked 
| 357|0x000000072ca00000, 0x000000072ca00000, 0x000000072cc00000|  0%| F|  |TAMS 0x000000072ca00000| PB 0x000000072ca00000| Untracked 
| 358|0x000000072cc00000, 0x000000072cc00000, 0x000000072ce00000|  0%| F|  |TAMS 0x000000072cc00000| PB 0x000000072cc00000| Untracked 
| 359|0x000000072ce00000, 0x000000072ce00000, 0x000000072d000000|  0%| F|  |TAMS 0x000000072ce00000| PB 0x000000072ce00000| Untracked 
| 360|0x000000072d000000, 0x000000072d000000, 0x000000072d200000|  0%| F|  |TAMS 0x000000072d000000| PB 0x000000072d000000| Untracked 
| 361|0x000000072d200000, 0x000000072d200000, 0x000000072d400000|  0%| F|  |TAMS 0x000000072d200000| PB 0x000000072d200000| Untracked 
| 362|0x000000072d400000, 0x000000072d400000, 0x000000072d600000|  0%| F|  |TAMS 0x000000072d400000| PB 0x000000072d400000| Untracked 
| 363|0x000000072d600000, 0x000000072d600000, 0x000000072d800000|  0%| F|  |TAMS 0x000000072d600000| PB 0x000000072d600000| Untracked 
| 364|0x000000072d800000, 0x000000072d800000, 0x000000072da00000|  0%| F|  |TAMS 0x000000072d800000| PB 0x000000072d800000| Untracked 
| 365|0x000000072da00000, 0x000000072da00000, 0x000000072dc00000|  0%| F|  |TAMS 0x000000072da00000| PB 0x000000072da00000| Untracked 
| 366|0x000000072dc00000, 0x000000072dc00000, 0x000000072de00000|  0%| F|  |TAMS 0x000000072dc00000| PB 0x000000072dc00000| Untracked 
| 367|0x000000072de00000, 0x000000072de00000, 0x000000072e000000|  0%| F|  |TAMS 0x000000072de00000| PB 0x000000072de00000| Untracked 
| 368|0x000000072e000000, 0x000000072e000000, 0x000000072e200000|  0%| F|  |TAMS 0x000000072e000000| PB 0x000000072e000000| Untracked 
| 369|0x000000072e200000, 0x000000072e200000, 0x000000072e400000|  0%| F|  |TAMS 0x000000072e200000| PB 0x000000072e200000| Untracked 
| 370|0x000000072e400000, 0x000000072e400000, 0x000000072e600000|  0%| F|  |TAMS 0x000000072e400000| PB 0x000000072e400000| Untracked 
| 371|0x000000072e600000, 0x000000072e600000, 0x000000072e800000|  0%| F|  |TAMS 0x000000072e600000| PB 0x000000072e600000| Untracked 
| 372|0x000000072e800000, 0x000000072e800000, 0x000000072ea00000|  0%| F|  |TAMS 0x000000072e800000| PB 0x000000072e800000| Untracked 
| 373|0x000000072ea00000, 0x000000072ea00000, 0x000000072ec00000|  0%| F|  |TAMS 0x000000072ea00000| PB 0x000000072ea00000| Untracked 
| 374|0x000000072ec00000, 0x000000072ec00000, 0x000000072ee00000|  0%| F|  |TAMS 0x000000072ec00000| PB 0x000000072ec00000| Untracked 
| 375|0x000000072ee00000, 0x000000072ee00000, 0x000000072f000000|  0%| F|  |TAMS 0x000000072ee00000| PB 0x000000072ee00000| Untracked 
| 376|0x000000072f000000, 0x000000072f000000, 0x000000072f200000|  0%| F|  |TAMS 0x000000072f000000| PB 0x000000072f000000| Untracked 
| 377|0x000000072f200000, 0x000000072f200000, 0x000000072f400000|  0%| F|  |TAMS 0x000000072f200000| PB 0x000000072f200000| Untracked 
| 378|0x000000072f400000, 0x000000072f400000, 0x000000072f600000|  0%| F|  |TAMS 0x000000072f400000| PB 0x000000072f400000| Untracked 
| 379|0x000000072f600000, 0x000000072f600000, 0x000000072f800000|  0%| F|  |TAMS 0x000000072f600000| PB 0x000000072f600000| Untracked 
| 380|0x000000072f800000, 0x000000072f800000, 0x000000072fa00000|  0%| F|  |TAMS 0x000000072f800000| PB 0x000000072f800000| Untracked 
| 381|0x000000072fa00000, 0x000000072fa00000, 0x000000072fc00000|  0%| F|  |TAMS 0x000000072fa00000| PB 0x000000072fa00000| Untracked 
| 382|0x000000072fc00000, 0x000000072fc00000, 0x000000072fe00000|  0%| F|  |TAMS 0x000000072fc00000| PB 0x000000072fc00000| Untracked 
| 383|0x000000072fe00000, 0x000000072fe00000, 0x0000000730000000|  0%| F|  |TAMS 0x000000072fe00000| PB 0x000000072fe00000| Untracked 
| 384|0x0000000730000000, 0x0000000730000000, 0x0000000730200000|  0%| F|  |TAMS 0x0000000730000000| PB 0x0000000730000000| Untracked 
| 385|0x0000000730200000, 0x0000000730200000, 0x0000000730400000|  0%| F|  |TAMS 0x0000000730200000| PB 0x0000000730200000| Untracked 
| 386|0x0000000730400000, 0x0000000730400000, 0x0000000730600000|  0%| F|  |TAMS 0x0000000730400000| PB 0x0000000730400000| Untracked 
| 387|0x0000000730600000, 0x0000000730600000, 0x0000000730800000|  0%| F|  |TAMS 0x0000000730600000| PB 0x0000000730600000| Untracked 
| 388|0x0000000730800000, 0x0000000730800000, 0x0000000730a00000|  0%| F|  |TAMS 0x0000000730800000| PB 0x0000000730800000| Untracked 
| 389|0x0000000730a00000, 0x0000000730a00000, 0x0000000730c00000|  0%| F|  |TAMS 0x0000000730a00000| PB 0x0000000730a00000| Untracked 
| 390|0x0000000730c00000, 0x0000000730c00000, 0x0000000730e00000|  0%| F|  |TAMS 0x0000000730c00000| PB 0x0000000730c00000| Untracked 
| 391|0x0000000730e00000, 0x0000000730e00000, 0x0000000731000000|  0%| F|  |TAMS 0x0000000730e00000| PB 0x0000000730e00000| Untracked 
| 392|0x0000000731000000, 0x0000000731000000, 0x0000000731200000|  0%| F|  |TAMS 0x0000000731000000| PB 0x0000000731000000| Untracked 
| 393|0x0000000731200000, 0x0000000731200000, 0x0000000731400000|  0%| F|  |TAMS 0x0000000731200000| PB 0x0000000731200000| Untracked 
| 394|0x0000000731400000, 0x0000000731400000, 0x0000000731600000|  0%| F|  |TAMS 0x0000000731400000| PB 0x0000000731400000| Untracked 
| 395|0x0000000731600000, 0x0000000731600000, 0x0000000731800000|  0%| F|  |TAMS 0x0000000731600000| PB 0x0000000731600000| Untracked 
| 396|0x0000000731800000, 0x0000000731800000, 0x0000000731a00000|  0%| F|  |TAMS 0x0000000731800000| PB 0x0000000731800000| Untracked 
| 397|0x0000000731a00000, 0x0000000731a00000, 0x0000000731c00000|  0%| F|  |TAMS 0x0000000731a00000| PB 0x0000000731a00000| Untracked 
| 398|0x0000000731c00000, 0x0000000731c00000, 0x0000000731e00000|  0%| F|  |TAMS 0x0000000731c00000| PB 0x0000000731c00000| Untracked 
| 399|0x0000000731e00000, 0x0000000731e00000, 0x0000000732000000|  0%| F|  |TAMS 0x0000000731e00000| PB 0x0000000731e00000| Untracked 
| 400|0x0000000732000000, 0x0000000732000000, 0x0000000732200000|  0%| F|  |TAMS 0x0000000732000000| PB 0x0000000732000000| Untracked 
| 401|0x0000000732200000, 0x0000000732200000, 0x0000000732400000|  0%| F|  |TAMS 0x0000000732200000| PB 0x0000000732200000| Untracked 
| 402|0x0000000732400000, 0x0000000732400000, 0x0000000732600000|  0%| F|  |TAMS 0x0000000732400000| PB 0x0000000732400000| Untracked 
| 403|0x0000000732600000, 0x0000000732600000, 0x0000000732800000|  0%| F|  |TAMS 0x0000000732600000| PB 0x0000000732600000| Untracked 
| 404|0x0000000732800000, 0x0000000732800000, 0x0000000732a00000|  0%| F|  |TAMS 0x0000000732800000| PB 0x0000000732800000| Untracked 
| 405|0x0000000732a00000, 0x0000000732a00000, 0x0000000732c00000|  0%| F|  |TAMS 0x0000000732a00000| PB 0x0000000732a00000| Untracked 
| 406|0x0000000732c00000, 0x0000000732c00000, 0x0000000732e00000|  0%| F|  |TAMS 0x0000000732c00000| PB 0x0000000732c00000| Untracked 
| 407|0x0000000732e00000, 0x0000000732e00000, 0x0000000733000000|  0%| F|  |TAMS 0x0000000732e00000| PB 0x0000000732e00000| Untracked 
| 408|0x0000000733000000, 0x0000000733000000, 0x0000000733200000|  0%| F|  |TAMS 0x0000000733000000| PB 0x0000000733000000| Untracked 
| 409|0x0000000733200000, 0x0000000733200000, 0x0000000733400000|  0%| F|  |TAMS 0x0000000733200000| PB 0x0000000733200000| Untracked 
| 410|0x0000000733400000, 0x0000000733400000, 0x0000000733600000|  0%| F|  |TAMS 0x0000000733400000| PB 0x0000000733400000| Untracked 
| 411|0x0000000733600000, 0x0000000733600000, 0x0000000733800000|  0%| F|  |TAMS 0x0000000733600000| PB 0x0000000733600000| Untracked 
| 412|0x0000000733800000, 0x0000000733800000, 0x0000000733a00000|  0%| F|  |TAMS 0x0000000733800000| PB 0x0000000733800000| Untracked 
| 413|0x0000000733a00000, 0x0000000733a00000, 0x0000000733c00000|  0%| F|  |TAMS 0x0000000733a00000| PB 0x0000000733a00000| Untracked 
| 414|0x0000000733c00000, 0x0000000733c00000, 0x0000000733e00000|  0%| F|  |TAMS 0x0000000733c00000| PB 0x0000000733c00000| Untracked 
| 415|0x0000000733e00000, 0x0000000733e00000, 0x0000000734000000|  0%| F|  |TAMS 0x0000000733e00000| PB 0x0000000733e00000| Untracked 
| 416|0x0000000734000000, 0x0000000734000000, 0x0000000734200000|  0%| F|  |TAMS 0x0000000734000000| PB 0x0000000734000000| Untracked 
| 417|0x0000000734200000, 0x0000000734200000, 0x0000000734400000|  0%| F|  |TAMS 0x0000000734200000| PB 0x0000000734200000| Untracked 
| 418|0x0000000734400000, 0x0000000734400000, 0x0000000734600000|  0%| F|  |TAMS 0x0000000734400000| PB 0x0000000734400000| Untracked 
| 419|0x0000000734600000, 0x0000000734600000, 0x0000000734800000|  0%| F|  |TAMS 0x0000000734600000| PB 0x0000000734600000| Untracked 
| 420|0x0000000734800000, 0x0000000734800000, 0x0000000734a00000|  0%| F|  |TAMS 0x0000000734800000| PB 0x0000000734800000| Untracked 
| 421|0x0000000734a00000, 0x0000000734a00000, 0x0000000734c00000|  0%| F|  |TAMS 0x0000000734a00000| PB 0x0000000734a00000| Untracked 
| 422|0x0000000734c00000, 0x0000000734c00000, 0x0000000734e00000|  0%| F|  |TAMS 0x0000000734c00000| PB 0x0000000734c00000| Untracked 
| 423|0x0000000734e00000, 0x0000000734e00000, 0x0000000735000000|  0%| F|  |TAMS 0x0000000734e00000| PB 0x0000000734e00000| Untracked 
| 424|0x0000000735000000, 0x0000000735000000, 0x0000000735200000|  0%| F|  |TAMS 0x0000000735000000| PB 0x0000000735000000| Untracked 
| 425|0x0000000735200000, 0x0000000735200000, 0x0000000735400000|  0%| F|  |TAMS 0x0000000735200000| PB 0x0000000735200000| Untracked 
| 426|0x0000000735400000, 0x0000000735400000, 0x0000000735600000|  0%| F|  |TAMS 0x0000000735400000| PB 0x0000000735400000| Untracked 
| 427|0x0000000735600000, 0x0000000735600000, 0x0000000735800000|  0%| F|  |TAMS 0x0000000735600000| PB 0x0000000735600000| Untracked 
| 428|0x0000000735800000, 0x0000000735800000, 0x0000000735a00000|  0%| F|  |TAMS 0x0000000735800000| PB 0x0000000735800000| Untracked 
| 429|0x0000000735a00000, 0x0000000735a00000, 0x0000000735c00000|  0%| F|  |TAMS 0x0000000735a00000| PB 0x0000000735a00000| Untracked 
| 430|0x0000000735c00000, 0x0000000735c00000, 0x0000000735e00000|  0%| F|  |TAMS 0x0000000735c00000| PB 0x0000000735c00000| Untracked 
| 431|0x0000000735e00000, 0x0000000735e00000, 0x0000000736000000|  0%| F|  |TAMS 0x0000000735e00000| PB 0x0000000735e00000| Untracked 
| 432|0x0000000736000000, 0x0000000736000000, 0x0000000736200000|  0%| F|  |TAMS 0x0000000736000000| PB 0x0000000736000000| Untracked 
| 433|0x0000000736200000, 0x0000000736200000, 0x0000000736400000|  0%| F|  |TAMS 0x0000000736200000| PB 0x0000000736200000| Untracked 
| 434|0x0000000736400000, 0x0000000736400000, 0x0000000736600000|  0%| F|  |TAMS 0x0000000736400000| PB 0x0000000736400000| Untracked 
| 435|0x0000000736600000, 0x0000000736600000, 0x0000000736800000|  0%| F|  |TAMS 0x0000000736600000| PB 0x0000000736600000| Untracked 
| 436|0x0000000736800000, 0x0000000736800000, 0x0000000736a00000|  0%| F|  |TAMS 0x0000000736800000| PB 0x0000000736800000| Untracked 
| 437|0x0000000736a00000, 0x0000000736a00000, 0x0000000736c00000|  0%| F|  |TAMS 0x0000000736a00000| PB 0x0000000736a00000| Untracked 
| 438|0x0000000736c00000, 0x0000000736c00000, 0x0000000736e00000|  0%| F|  |TAMS 0x0000000736c00000| PB 0x0000000736c00000| Untracked 
| 439|0x0000000736e00000, 0x0000000736e00000, 0x0000000737000000|  0%| F|  |TAMS 0x0000000736e00000| PB 0x0000000736e00000| Untracked 
| 440|0x0000000737000000, 0x0000000737000000, 0x0000000737200000|  0%| F|  |TAMS 0x0000000737000000| PB 0x0000000737000000| Untracked 
| 441|0x0000000737200000, 0x00000007373e5760, 0x0000000737400000| 94%| S|CS|TAMS 0x0000000737200000| PB 0x0000000737200000| Complete 
| 442|0x0000000737400000, 0x0000000737600000, 0x0000000737600000|100%| S|CS|TAMS 0x0000000737400000| PB 0x0000000737400000| Complete 
| 443|0x0000000737600000, 0x0000000737800000, 0x0000000737800000|100%| S|CS|TAMS 0x0000000737600000| PB 0x0000000737600000| Complete 
| 444|0x0000000737800000, 0x0000000737a00000, 0x0000000737a00000|100%| S|CS|TAMS 0x0000000737800000| PB 0x0000000737800000| Complete 
| 445|0x0000000737a00000, 0x0000000737a00000, 0x0000000737c00000|  0%| F|  |TAMS 0x0000000737a00000| PB 0x0000000737a00000| Untracked 
| 446|0x0000000737c00000, 0x0000000737c00000, 0x0000000737e00000|  0%| F|  |TAMS 0x0000000737c00000| PB 0x0000000737c00000| Untracked 
| 447|0x0000000737e00000, 0x0000000737e00000, 0x0000000738000000|  0%| F|  |TAMS 0x0000000737e00000| PB 0x0000000737e00000| Untracked 
| 448|0x0000000738000000, 0x0000000738000000, 0x0000000738200000|  0%| F|  |TAMS 0x0000000738000000| PB 0x0000000738000000| Untracked 
| 449|0x0000000738200000, 0x0000000738200000, 0x0000000738400000|  0%| F|  |TAMS 0x0000000738200000| PB 0x0000000738200000| Untracked 
| 450|0x0000000738400000, 0x0000000738400000, 0x0000000738600000|  0%| F|  |TAMS 0x0000000738400000| PB 0x0000000738400000| Untracked 
| 451|0x0000000738600000, 0x0000000738600000, 0x0000000738800000|  0%| F|  |TAMS 0x0000000738600000| PB 0x0000000738600000| Untracked 
| 452|0x0000000738800000, 0x0000000738800000, 0x0000000738a00000|  0%| F|  |TAMS 0x0000000738800000| PB 0x0000000738800000| Untracked 
| 453|0x0000000738a00000, 0x0000000738a00000, 0x0000000738c00000|  0%| F|  |TAMS 0x0000000738a00000| PB 0x0000000738a00000| Untracked 
| 454|0x0000000738c00000, 0x0000000738c00000, 0x0000000738e00000|  0%| F|  |TAMS 0x0000000738c00000| PB 0x0000000738c00000| Untracked 
| 455|0x0000000738e00000, 0x0000000738e00000, 0x0000000739000000|  0%| F|  |TAMS 0x0000000738e00000| PB 0x0000000738e00000| Untracked 
| 456|0x0000000739000000, 0x0000000739000000, 0x0000000739200000|  0%| F|  |TAMS 0x0000000739000000| PB 0x0000000739000000| Untracked 
| 457|0x0000000739200000, 0x0000000739200000, 0x0000000739400000|  0%| F|  |TAMS 0x0000000739200000| PB 0x0000000739200000| Untracked 
| 458|0x0000000739400000, 0x0000000739400000, 0x0000000739600000|  0%| F|  |TAMS 0x0000000739400000| PB 0x0000000739400000| Untracked 
| 459|0x0000000739600000, 0x0000000739600000, 0x0000000739800000|  0%| F|  |TAMS 0x0000000739600000| PB 0x0000000739600000| Untracked 
| 460|0x0000000739800000, 0x0000000739800000, 0x0000000739a00000|  0%| F|  |TAMS 0x0000000739800000| PB 0x0000000739800000| Untracked 
| 461|0x0000000739a00000, 0x0000000739a00000, 0x0000000739c00000|  0%| F|  |TAMS 0x0000000739a00000| PB 0x0000000739a00000| Untracked 
| 462|0x0000000739c00000, 0x0000000739c00000, 0x0000000739e00000|  0%| F|  |TAMS 0x0000000739c00000| PB 0x0000000739c00000| Untracked 
| 463|0x0000000739e00000, 0x0000000739e00000, 0x000000073a000000|  0%| F|  |TAMS 0x0000000739e00000| PB 0x0000000739e00000| Untracked 
| 464|0x000000073a000000, 0x000000073a000000, 0x000000073a200000|  0%| F|  |TAMS 0x000000073a000000| PB 0x000000073a000000| Untracked 
| 465|0x000000073a200000, 0x000000073a200000, 0x000000073a400000|  0%| F|  |TAMS 0x000000073a200000| PB 0x000000073a200000| Untracked 
| 466|0x000000073a400000, 0x000000073a400000, 0x000000073a600000|  0%| F|  |TAMS 0x000000073a400000| PB 0x000000073a400000| Untracked 
| 467|0x000000073a600000, 0x000000073a600000, 0x000000073a800000|  0%| F|  |TAMS 0x000000073a600000| PB 0x000000073a600000| Untracked 
| 468|0x000000073a800000, 0x000000073a800000, 0x000000073aa00000|  0%| F|  |TAMS 0x000000073a800000| PB 0x000000073a800000| Untracked 
| 469|0x000000073aa00000, 0x000000073aa00000, 0x000000073ac00000|  0%| F|  |TAMS 0x000000073aa00000| PB 0x000000073aa00000| Untracked 
| 470|0x000000073ac00000, 0x000000073ac00000, 0x000000073ae00000|  0%| F|  |TAMS 0x000000073ac00000| PB 0x000000073ac00000| Untracked 
| 471|0x000000073ae00000, 0x000000073ae00000, 0x000000073b000000|  0%| F|  |TAMS 0x000000073ae00000| PB 0x000000073ae00000| Untracked 
| 472|0x000000073b000000, 0x000000073b000000, 0x000000073b200000|  0%| F|  |TAMS 0x000000073b000000| PB 0x000000073b000000| Untracked 
| 473|0x000000073b200000, 0x000000073b200000, 0x000000073b400000|  0%| F|  |TAMS 0x000000073b200000| PB 0x000000073b200000| Untracked 
| 474|0x000000073b400000, 0x000000073b400000, 0x000000073b600000|  0%| F|  |TAMS 0x000000073b400000| PB 0x000000073b400000| Untracked 
| 475|0x000000073b600000, 0x000000073b600000, 0x000000073b800000|  0%| F|  |TAMS 0x000000073b600000| PB 0x000000073b600000| Untracked 
| 476|0x000000073b800000, 0x000000073b800000, 0x000000073ba00000|  0%| F|  |TAMS 0x000000073b800000| PB 0x000000073b800000| Untracked 
| 477|0x000000073ba00000, 0x000000073ba00000, 0x000000073bc00000|  0%| F|  |TAMS 0x000000073ba00000| PB 0x000000073ba00000| Untracked 
| 478|0x000000073bc00000, 0x000000073bc00000, 0x000000073be00000|  0%| F|  |TAMS 0x000000073bc00000| PB 0x000000073bc00000| Untracked 
| 479|0x000000073be00000, 0x000000073be00000, 0x000000073c000000|  0%| F|  |TAMS 0x000000073be00000| PB 0x000000073be00000| Untracked 
| 480|0x000000073c000000, 0x000000073c000000, 0x000000073c200000|  0%| F|  |TAMS 0x000000073c000000| PB 0x000000073c000000| Untracked 
| 481|0x000000073c200000, 0x000000073c200000, 0x000000073c400000|  0%| F|  |TAMS 0x000000073c200000| PB 0x000000073c200000| Untracked 
| 482|0x000000073c400000, 0x000000073c400000, 0x000000073c600000|  0%| F|  |TAMS 0x000000073c400000| PB 0x000000073c400000| Untracked 
| 483|0x000000073c600000, 0x000000073c600000, 0x000000073c800000|  0%| F|  |TAMS 0x000000073c600000| PB 0x000000073c600000| Untracked 
| 484|0x000000073c800000, 0x000000073c800000, 0x000000073ca00000|  0%| F|  |TAMS 0x000000073c800000| PB 0x000000073c800000| Untracked 
| 485|0x000000073ca00000, 0x000000073ca00000, 0x000000073cc00000|  0%| F|  |TAMS 0x000000073ca00000| PB 0x000000073ca00000| Untracked 
| 486|0x000000073cc00000, 0x000000073cc00000, 0x000000073ce00000|  0%| F|  |TAMS 0x000000073cc00000| PB 0x000000073cc00000| Untracked 
| 487|0x000000073ce00000, 0x000000073ce00000, 0x000000073d000000|  0%| F|  |TAMS 0x000000073ce00000| PB 0x000000073ce00000| Untracked 
| 488|0x000000073d000000, 0x000000073d000000, 0x000000073d200000|  0%| F|  |TAMS 0x000000073d000000| PB 0x000000073d000000| Untracked 
| 489|0x000000073d200000, 0x000000073d200000, 0x000000073d400000|  0%| F|  |TAMS 0x000000073d200000| PB 0x000000073d200000| Untracked 
| 490|0x000000073d400000, 0x000000073d400000, 0x000000073d600000|  0%| F|  |TAMS 0x000000073d400000| PB 0x000000073d400000| Untracked 
| 491|0x000000073d600000, 0x000000073d600000, 0x000000073d800000|  0%| F|  |TAMS 0x000000073d600000| PB 0x000000073d600000| Untracked 
| 492|0x000000073d800000, 0x000000073d800000, 0x000000073da00000|  0%| F|  |TAMS 0x000000073d800000| PB 0x000000073d800000| Untracked 
| 493|0x000000073da00000, 0x000000073da00000, 0x000000073dc00000|  0%| F|  |TAMS 0x000000073da00000| PB 0x000000073da00000| Untracked 
| 494|0x000000073dc00000, 0x000000073dc00000, 0x000000073de00000|  0%| F|  |TAMS 0x000000073dc00000| PB 0x000000073dc00000| Untracked 
| 495|0x000000073de00000, 0x000000073de00000, 0x000000073e000000|  0%| F|  |TAMS 0x000000073de00000| PB 0x000000073de00000| Untracked 
| 496|0x000000073e000000, 0x000000073e000000, 0x000000073e200000|  0%| F|  |TAMS 0x000000073e000000| PB 0x000000073e000000| Untracked 
| 497|0x000000073e200000, 0x000000073e200000, 0x000000073e400000|  0%| F|  |TAMS 0x000000073e200000| PB 0x000000073e200000| Untracked 
| 498|0x000000073e400000, 0x000000073e400000, 0x000000073e600000|  0%| F|  |TAMS 0x000000073e400000| PB 0x000000073e400000| Untracked 
| 499|0x000000073e600000, 0x000000073e600000, 0x000000073e800000|  0%| F|  |TAMS 0x000000073e600000| PB 0x000000073e600000| Untracked 
| 500|0x000000073e800000, 0x000000073e800000, 0x000000073ea00000|  0%| F|  |TAMS 0x000000073e800000| PB 0x000000073e800000| Untracked 
| 501|0x000000073ea00000, 0x000000073ea00000, 0x000000073ec00000|  0%| F|  |TAMS 0x000000073ea00000| PB 0x000000073ea00000| Untracked 
| 502|0x000000073ec00000, 0x000000073ec00000, 0x000000073ee00000|  0%| F|  |TAMS 0x000000073ec00000| PB 0x000000073ec00000| Untracked 
| 503|0x000000073ee00000, 0x000000073ee00000, 0x000000073f000000|  0%| F|  |TAMS 0x000000073ee00000| PB 0x000000073ee00000| Untracked 
| 504|0x000000073f000000, 0x000000073f000000, 0x000000073f200000|  0%| F|  |TAMS 0x000000073f000000| PB 0x000000073f000000| Untracked 
| 505|0x000000073f200000, 0x000000073f200000, 0x000000073f400000|  0%| F|  |TAMS 0x000000073f200000| PB 0x000000073f200000| Untracked 
| 506|0x000000073f400000, 0x000000073f400000, 0x000000073f600000|  0%| F|  |TAMS 0x000000073f400000| PB 0x000000073f400000| Untracked 
| 507|0x000000073f600000, 0x000000073f600000, 0x000000073f800000|  0%| F|  |TAMS 0x000000073f600000| PB 0x000000073f600000| Untracked 
| 508|0x000000073f800000, 0x000000073f800000, 0x000000073fa00000|  0%| F|  |TAMS 0x000000073f800000| PB 0x000000073f800000| Untracked 
| 509|0x000000073fa00000, 0x000000073fa00000, 0x000000073fc00000|  0%| F|  |TAMS 0x000000073fa00000| PB 0x000000073fa00000| Untracked 
| 510|0x000000073fc00000, 0x000000073fc00000, 0x000000073fe00000|  0%| F|  |TAMS 0x000000073fc00000| PB 0x000000073fc00000| Untracked 
| 511|0x000000073fe00000, 0x000000073fe00000, 0x0000000740000000|  0%| F|  |TAMS 0x000000073fe00000| PB 0x000000073fe00000| Untracked 
| 512|0x0000000740000000, 0x0000000740000000, 0x0000000740200000|  0%| F|  |TAMS 0x0000000740000000| PB 0x0000000740000000| Untracked 
| 513|0x0000000740200000, 0x0000000740200000, 0x0000000740400000|  0%| F|  |TAMS 0x0000000740200000| PB 0x0000000740200000| Untracked 
| 514|0x0000000740400000, 0x0000000740400000, 0x0000000740600000|  0%| F|  |TAMS 0x0000000740400000| PB 0x0000000740400000| Untracked 
| 515|0x0000000740600000, 0x0000000740600000, 0x0000000740800000|  0%| F|  |TAMS 0x0000000740600000| PB 0x0000000740600000| Untracked 
| 516|0x0000000740800000, 0x0000000740800000, 0x0000000740a00000|  0%| F|  |TAMS 0x0000000740800000| PB 0x0000000740800000| Untracked 
| 517|0x0000000740a00000, 0x0000000740a00000, 0x0000000740c00000|  0%| F|  |TAMS 0x0000000740a00000| PB 0x0000000740a00000| Untracked 
| 518|0x0000000740c00000, 0x0000000740c00000, 0x0000000740e00000|  0%| F|  |TAMS 0x0000000740c00000| PB 0x0000000740c00000| Untracked 
| 519|0x0000000740e00000, 0x0000000740e00000, 0x0000000741000000|  0%| F|  |TAMS 0x0000000740e00000| PB 0x0000000740e00000| Untracked 
| 520|0x0000000741000000, 0x0000000741000000, 0x0000000741200000|  0%| F|  |TAMS 0x0000000741000000| PB 0x0000000741000000| Untracked 
| 521|0x0000000741200000, 0x0000000741200000, 0x0000000741400000|  0%| F|  |TAMS 0x0000000741200000| PB 0x0000000741200000| Untracked 
| 522|0x0000000741400000, 0x0000000741400000, 0x0000000741600000|  0%| F|  |TAMS 0x0000000741400000| PB 0x0000000741400000| Untracked 
| 523|0x0000000741600000, 0x0000000741600000, 0x0000000741800000|  0%| F|  |TAMS 0x0000000741600000| PB 0x0000000741600000| Untracked 
| 524|0x0000000741800000, 0x0000000741800000, 0x0000000741a00000|  0%| F|  |TAMS 0x0000000741800000| PB 0x0000000741800000| Untracked 
| 525|0x0000000741a00000, 0x0000000741a00000, 0x0000000741c00000|  0%| F|  |TAMS 0x0000000741a00000| PB 0x0000000741a00000| Untracked 
| 526|0x0000000741c00000, 0x0000000741c00000, 0x0000000741e00000|  0%| F|  |TAMS 0x0000000741c00000| PB 0x0000000741c00000| Untracked 
| 527|0x0000000741e00000, 0x0000000741e00000, 0x0000000742000000|  0%| F|  |TAMS 0x0000000741e00000| PB 0x0000000741e00000| Untracked 
| 528|0x0000000742000000, 0x0000000742000000, 0x0000000742200000|  0%| F|  |TAMS 0x0000000742000000| PB 0x0000000742000000| Untracked 
| 529|0x0000000742200000, 0x0000000742200000, 0x0000000742400000|  0%| F|  |TAMS 0x0000000742200000| PB 0x0000000742200000| Untracked 
| 530|0x0000000742400000, 0x0000000742400000, 0x0000000742600000|  0%| F|  |TAMS 0x0000000742400000| PB 0x0000000742400000| Untracked 
| 531|0x0000000742600000, 0x0000000742600000, 0x0000000742800000|  0%| F|  |TAMS 0x0000000742600000| PB 0x0000000742600000| Untracked 
| 532|0x0000000742800000, 0x0000000742800000, 0x0000000742a00000|  0%| F|  |TAMS 0x0000000742800000| PB 0x0000000742800000| Untracked 
| 533|0x0000000742a00000, 0x0000000742a00000, 0x0000000742c00000|  0%| F|  |TAMS 0x0000000742a00000| PB 0x0000000742a00000| Untracked 
| 534|0x0000000742c00000, 0x0000000742c00000, 0x0000000742e00000|  0%| F|  |TAMS 0x0000000742c00000| PB 0x0000000742c00000| Untracked 
| 535|0x0000000742e00000, 0x0000000742e00000, 0x0000000743000000|  0%| F|  |TAMS 0x0000000742e00000| PB 0x0000000742e00000| Untracked 
| 536|0x0000000743000000, 0x0000000743000000, 0x0000000743200000|  0%| F|  |TAMS 0x0000000743000000| PB 0x0000000743000000| Untracked 
| 537|0x0000000743200000, 0x0000000743200000, 0x0000000743400000|  0%| F|  |TAMS 0x0000000743200000| PB 0x0000000743200000| Untracked 
| 538|0x0000000743400000, 0x0000000743400000, 0x0000000743600000|  0%| F|  |TAMS 0x0000000743400000| PB 0x0000000743400000| Untracked 
| 539|0x0000000743600000, 0x0000000743600000, 0x0000000743800000|  0%| F|  |TAMS 0x0000000743600000| PB 0x0000000743600000| Untracked 
| 540|0x0000000743800000, 0x0000000743800000, 0x0000000743a00000|  0%| F|  |TAMS 0x0000000743800000| PB 0x0000000743800000| Untracked 
| 541|0x0000000743a00000, 0x0000000743a00000, 0x0000000743c00000|  0%| F|  |TAMS 0x0000000743a00000| PB 0x0000000743a00000| Untracked 
| 542|0x0000000743c00000, 0x0000000743c00000, 0x0000000743e00000|  0%| F|  |TAMS 0x0000000743c00000| PB 0x0000000743c00000| Untracked 
| 543|0x0000000743e00000, 0x0000000743e00000, 0x0000000744000000|  0%| F|  |TAMS 0x0000000743e00000| PB 0x0000000743e00000| Untracked 
| 544|0x0000000744000000, 0x0000000744000000, 0x0000000744200000|  0%| F|  |TAMS 0x0000000744000000| PB 0x0000000744000000| Untracked 
| 545|0x0000000744200000, 0x0000000744200000, 0x0000000744400000|  0%| F|  |TAMS 0x0000000744200000| PB 0x0000000744200000| Untracked 
| 546|0x0000000744400000, 0x0000000744400000, 0x0000000744600000|  0%| F|  |TAMS 0x0000000744400000| PB 0x0000000744400000| Untracked 
| 547|0x0000000744600000, 0x0000000744600000, 0x0000000744800000|  0%| F|  |TAMS 0x0000000744600000| PB 0x0000000744600000| Untracked 
| 548|0x0000000744800000, 0x0000000744800000, 0x0000000744a00000|  0%| F|  |TAMS 0x0000000744800000| PB 0x0000000744800000| Untracked 
| 549|0x0000000744a00000, 0x0000000744a00000, 0x0000000744c00000|  0%| F|  |TAMS 0x0000000744a00000| PB 0x0000000744a00000| Untracked 
| 550|0x0000000744c00000, 0x0000000744c00000, 0x0000000744e00000|  0%| F|  |TAMS 0x0000000744c00000| PB 0x0000000744c00000| Untracked 
| 551|0x0000000744e00000, 0x0000000744e00000, 0x0000000745000000|  0%| F|  |TAMS 0x0000000744e00000| PB 0x0000000744e00000| Untracked 
| 552|0x0000000745000000, 0x0000000745000000, 0x0000000745200000|  0%| F|  |TAMS 0x0000000745000000| PB 0x0000000745000000| Untracked 
| 553|0x0000000745200000, 0x0000000745200000, 0x0000000745400000|  0%| F|  |TAMS 0x0000000745200000| PB 0x0000000745200000| Untracked 
| 554|0x0000000745400000, 0x0000000745400000, 0x0000000745600000|  0%| F|  |TAMS 0x0000000745400000| PB 0x0000000745400000| Untracked 
| 555|0x0000000745600000, 0x0000000745600000, 0x0000000745800000|  0%| F|  |TAMS 0x0000000745600000| PB 0x0000000745600000| Untracked 
| 556|0x0000000745800000, 0x0000000745800000, 0x0000000745a00000|  0%| F|  |TAMS 0x0000000745800000| PB 0x0000000745800000| Untracked 
| 557|0x0000000745a00000, 0x0000000745a00000, 0x0000000745c00000|  0%| F|  |TAMS 0x0000000745a00000| PB 0x0000000745a00000| Untracked 
| 558|0x0000000745c00000, 0x0000000745c00000, 0x0000000745e00000|  0%| F|  |TAMS 0x0000000745c00000| PB 0x0000000745c00000| Untracked 
| 559|0x0000000745e00000, 0x0000000745e00000, 0x0000000746000000|  0%| F|  |TAMS 0x0000000745e00000| PB 0x0000000745e00000| Untracked 
| 560|0x0000000746000000, 0x0000000746000000, 0x0000000746200000|  0%| F|  |TAMS 0x0000000746000000| PB 0x0000000746000000| Untracked 
| 561|0x0000000746200000, 0x0000000746200000, 0x0000000746400000|  0%| F|  |TAMS 0x0000000746200000| PB 0x0000000746200000| Untracked 
| 562|0x0000000746400000, 0x0000000746400000, 0x0000000746600000|  0%| F|  |TAMS 0x0000000746400000| PB 0x0000000746400000| Untracked 
| 563|0x0000000746600000, 0x0000000746600000, 0x0000000746800000|  0%| F|  |TAMS 0x0000000746600000| PB 0x0000000746600000| Untracked 
| 564|0x0000000746800000, 0x0000000746800000, 0x0000000746a00000|  0%| F|  |TAMS 0x0000000746800000| PB 0x0000000746800000| Untracked 
| 565|0x0000000746a00000, 0x0000000746a00000, 0x0000000746c00000|  0%| F|  |TAMS 0x0000000746a00000| PB 0x0000000746a00000| Untracked 
| 566|0x0000000746c00000, 0x0000000746c00000, 0x0000000746e00000|  0%| F|  |TAMS 0x0000000746c00000| PB 0x0000000746c00000| Untracked 
| 567|0x0000000746e00000, 0x0000000746e00000, 0x0000000747000000|  0%| F|  |TAMS 0x0000000746e00000| PB 0x0000000746e00000| Untracked 
| 568|0x0000000747000000, 0x0000000747000000, 0x0000000747200000|  0%| F|  |TAMS 0x0000000747000000| PB 0x0000000747000000| Untracked 
| 569|0x0000000747200000, 0x0000000747200000, 0x0000000747400000|  0%| F|  |TAMS 0x0000000747200000| PB 0x0000000747200000| Untracked 
| 570|0x0000000747400000, 0x0000000747400000, 0x0000000747600000|  0%| F|  |TAMS 0x0000000747400000| PB 0x0000000747400000| Untracked 
| 571|0x0000000747600000, 0x0000000747600000, 0x0000000747800000|  0%| F|  |TAMS 0x0000000747600000| PB 0x0000000747600000| Untracked 
| 572|0x0000000747800000, 0x0000000747800000, 0x0000000747a00000|  0%| F|  |TAMS 0x0000000747800000| PB 0x0000000747800000| Untracked 
| 573|0x0000000747a00000, 0x0000000747a00000, 0x0000000747c00000|  0%| F|  |TAMS 0x0000000747a00000| PB 0x0000000747a00000| Untracked 
| 574|0x0000000747c00000, 0x0000000747c00000, 0x0000000747e00000|  0%| F|  |TAMS 0x0000000747c00000| PB 0x0000000747c00000| Untracked 
| 575|0x0000000747e00000, 0x0000000747e00000, 0x0000000748000000|  0%| F|  |TAMS 0x0000000747e00000| PB 0x0000000747e00000| Untracked 
| 576|0x0000000748000000, 0x0000000748000000, 0x0000000748200000|  0%| F|  |TAMS 0x0000000748000000| PB 0x0000000748000000| Untracked 
| 577|0x0000000748200000, 0x0000000748200000, 0x0000000748400000|  0%| F|  |TAMS 0x0000000748200000| PB 0x0000000748200000| Untracked 
| 578|0x0000000748400000, 0x0000000748400000, 0x0000000748600000|  0%| F|  |TAMS 0x0000000748400000| PB 0x0000000748400000| Untracked 
| 579|0x0000000748600000, 0x0000000748600000, 0x0000000748800000|  0%| F|  |TAMS 0x0000000748600000| PB 0x0000000748600000| Untracked 
| 580|0x0000000748800000, 0x0000000748800000, 0x0000000748a00000|  0%| F|  |TAMS 0x0000000748800000| PB 0x0000000748800000| Untracked 
| 581|0x0000000748a00000, 0x0000000748a00000, 0x0000000748c00000|  0%| F|  |TAMS 0x0000000748a00000| PB 0x0000000748a00000| Untracked 
| 582|0x0000000748c00000, 0x0000000748c00000, 0x0000000748e00000|  0%| F|  |TAMS 0x0000000748c00000| PB 0x0000000748c00000| Untracked 
| 583|0x0000000748e00000, 0x0000000748e00000, 0x0000000749000000|  0%| F|  |TAMS 0x0000000748e00000| PB 0x0000000748e00000| Untracked 
| 584|0x0000000749000000, 0x0000000749000000, 0x0000000749200000|  0%| F|  |TAMS 0x0000000749000000| PB 0x0000000749000000| Untracked 
| 585|0x0000000749200000, 0x0000000749200000, 0x0000000749400000|  0%| F|  |TAMS 0x0000000749200000| PB 0x0000000749200000| Untracked 
| 586|0x0000000749400000, 0x0000000749400000, 0x0000000749600000|  0%| F|  |TAMS 0x0000000749400000| PB 0x0000000749400000| Untracked 
| 587|0x0000000749600000, 0x0000000749600000, 0x0000000749800000|  0%| F|  |TAMS 0x0000000749600000| PB 0x0000000749600000| Untracked 
| 588|0x0000000749800000, 0x0000000749800000, 0x0000000749a00000|  0%| F|  |TAMS 0x0000000749800000| PB 0x0000000749800000| Untracked 
| 589|0x0000000749a00000, 0x0000000749a00000, 0x0000000749c00000|  0%| F|  |TAMS 0x0000000749a00000| PB 0x0000000749a00000| Untracked 
| 590|0x0000000749c00000, 0x0000000749c00000, 0x0000000749e00000|  0%| F|  |TAMS 0x0000000749c00000| PB 0x0000000749c00000| Untracked 
| 591|0x0000000749e00000, 0x0000000749e00000, 0x000000074a000000|  0%| F|  |TAMS 0x0000000749e00000| PB 0x0000000749e00000| Untracked 
| 592|0x000000074a000000, 0x000000074a000000, 0x000000074a200000|  0%| F|  |TAMS 0x000000074a000000| PB 0x000000074a000000| Untracked 
| 593|0x000000074a200000, 0x000000074a200000, 0x000000074a400000|  0%| F|  |TAMS 0x000000074a200000| PB 0x000000074a200000| Untracked 
| 594|0x000000074a400000, 0x000000074a400000, 0x000000074a600000|  0%| F|  |TAMS 0x000000074a400000| PB 0x000000074a400000| Untracked 
| 595|0x000000074a600000, 0x000000074a600000, 0x000000074a800000|  0%| F|  |TAMS 0x000000074a600000| PB 0x000000074a600000| Untracked 
| 596|0x000000074a800000, 0x000000074a800000, 0x000000074aa00000|  0%| F|  |TAMS 0x000000074a800000| PB 0x000000074a800000| Untracked 
| 597|0x000000074aa00000, 0x000000074aa00000, 0x000000074ac00000|  0%| F|  |TAMS 0x000000074aa00000| PB 0x000000074aa00000| Untracked 
| 598|0x000000074ac00000, 0x000000074ac00000, 0x000000074ae00000|  0%| F|  |TAMS 0x000000074ac00000| PB 0x000000074ac00000| Untracked 
| 599|0x000000074ae00000, 0x000000074ae00000, 0x000000074b000000|  0%| F|  |TAMS 0x000000074ae00000| PB 0x000000074ae00000| Untracked 
| 600|0x000000074b000000, 0x000000074b000000, 0x000000074b200000|  0%| F|  |TAMS 0x000000074b000000| PB 0x000000074b000000| Untracked 
| 601|0x000000074b200000, 0x000000074b200000, 0x000000074b400000|  0%| F|  |TAMS 0x000000074b200000| PB 0x000000074b200000| Untracked 
| 602|0x000000074b400000, 0x000000074b400000, 0x000000074b600000|  0%| F|  |TAMS 0x000000074b400000| PB 0x000000074b400000| Untracked 
| 603|0x000000074b600000, 0x000000074b600000, 0x000000074b800000|  0%| F|  |TAMS 0x000000074b600000| PB 0x000000074b600000| Untracked 
| 604|0x000000074b800000, 0x000000074b800000, 0x000000074ba00000|  0%| F|  |TAMS 0x000000074b800000| PB 0x000000074b800000| Untracked 
| 605|0x000000074ba00000, 0x000000074ba00000, 0x000000074bc00000|  0%| F|  |TAMS 0x000000074ba00000| PB 0x000000074ba00000| Untracked 
| 606|0x000000074bc00000, 0x000000074bc00000, 0x000000074be00000|  0%| F|  |TAMS 0x000000074bc00000| PB 0x000000074bc00000| Untracked 
| 607|0x000000074be00000, 0x000000074be00000, 0x000000074c000000|  0%| F|  |TAMS 0x000000074be00000| PB 0x000000074be00000| Untracked 
| 608|0x000000074c000000, 0x000000074c000000, 0x000000074c200000|  0%| F|  |TAMS 0x000000074c000000| PB 0x000000074c000000| Untracked 
| 609|0x000000074c200000, 0x000000074c200000, 0x000000074c400000|  0%| F|  |TAMS 0x000000074c200000| PB 0x000000074c200000| Untracked 
| 610|0x000000074c400000, 0x000000074c400000, 0x000000074c600000|  0%| F|  |TAMS 0x000000074c400000| PB 0x000000074c400000| Untracked 
| 611|0x000000074c600000, 0x000000074c600000, 0x000000074c800000|  0%| F|  |TAMS 0x000000074c600000| PB 0x000000074c600000| Untracked 
| 612|0x000000074c800000, 0x000000074c800000, 0x000000074ca00000|  0%| F|  |TAMS 0x000000074c800000| PB 0x000000074c800000| Untracked 
| 613|0x000000074ca00000, 0x000000074ca00000, 0x000000074cc00000|  0%| F|  |TAMS 0x000000074ca00000| PB 0x000000074ca00000| Untracked 
| 614|0x000000074cc00000, 0x000000074cc00000, 0x000000074ce00000|  0%| F|  |TAMS 0x000000074cc00000| PB 0x000000074cc00000| Untracked 
| 615|0x000000074ce00000, 0x000000074ce00000, 0x000000074d000000|  0%| F|  |TAMS 0x000000074ce00000| PB 0x000000074ce00000| Untracked 
| 616|0x000000074d000000, 0x000000074d000000, 0x000000074d200000|  0%| F|  |TAMS 0x000000074d000000| PB 0x000000074d000000| Untracked 
| 617|0x000000074d200000, 0x000000074d200000, 0x000000074d400000|  0%| F|  |TAMS 0x000000074d200000| PB 0x000000074d200000| Untracked 
| 618|0x000000074d400000, 0x000000074d400000, 0x000000074d600000|  0%| F|  |TAMS 0x000000074d400000| PB 0x000000074d400000| Untracked 
| 619|0x000000074d600000, 0x000000074d600000, 0x000000074d800000|  0%| F|  |TAMS 0x000000074d600000| PB 0x000000074d600000| Untracked 
| 620|0x000000074d800000, 0x000000074d800000, 0x000000074da00000|  0%| F|  |TAMS 0x000000074d800000| PB 0x000000074d800000| Untracked 
| 628|0x000000074e800000, 0x000000074e800000, 0x000000074ea00000|  0%| F|  |TAMS 0x000000074e800000| PB 0x000000074e800000| Untracked 
| 629|0x000000074ea00000, 0x000000074ea00000, 0x000000074ec00000|  0%| F|  |TAMS 0x000000074ea00000| PB 0x000000074ea00000| Untracked 
| 630|0x000000074ec00000, 0x000000074ec00000, 0x000000074ee00000|  0%| F|  |TAMS 0x000000074ec00000| PB 0x000000074ec00000| Untracked 
| 631|0x000000074ee00000, 0x000000074ee00000, 0x000000074f000000|  0%| F|  |TAMS 0x000000074ee00000| PB 0x000000074ee00000| Untracked 
| 632|0x000000074f000000, 0x000000074f000000, 0x000000074f200000|  0%| F|  |TAMS 0x000000074f000000| PB 0x000000074f000000| Untracked 
| 633|0x000000074f200000, 0x000000074f200000, 0x000000074f400000|  0%| F|  |TAMS 0x000000074f200000| PB 0x000000074f200000| Untracked 
| 634|0x000000074f400000, 0x000000074f400000, 0x000000074f600000|  0%| F|  |TAMS 0x000000074f400000| PB 0x000000074f400000| Untracked 
| 635|0x000000074f600000, 0x000000074f600000, 0x000000074f800000|  0%| F|  |TAMS 0x000000074f600000| PB 0x000000074f600000| Untracked 
| 636|0x000000074f800000, 0x000000074f800000, 0x000000074fa00000|  0%| F|  |TAMS 0x000000074f800000| PB 0x000000074f800000| Untracked 
| 637|0x000000074fa00000, 0x000000074fa00000, 0x000000074fc00000|  0%| F|  |TAMS 0x000000074fa00000| PB 0x000000074fa00000| Untracked 
| 638|0x000000074fc00000, 0x000000074fc00000, 0x000000074fe00000|  0%| F|  |TAMS 0x000000074fc00000| PB 0x000000074fc00000| Untracked 
| 639|0x000000074fe00000, 0x000000074fe00000, 0x0000000750000000|  0%| F|  |TAMS 0x000000074fe00000| PB 0x000000074fe00000| Untracked 
| 640|0x0000000750000000, 0x0000000750000000, 0x0000000750200000|  0%| F|  |TAMS 0x0000000750000000| PB 0x0000000750000000| Untracked 
| 641|0x0000000750200000, 0x0000000750200000, 0x0000000750400000|  0%| F|  |TAMS 0x0000000750200000| PB 0x0000000750200000| Untracked 
| 642|0x0000000750400000, 0x0000000750400000, 0x0000000750600000|  0%| F|  |TAMS 0x0000000750400000| PB 0x0000000750400000| Untracked 
| 643|0x0000000750600000, 0x0000000750600000, 0x0000000750800000|  0%| F|  |TAMS 0x0000000750600000| PB 0x0000000750600000| Untracked 
| 644|0x0000000750800000, 0x0000000750800000, 0x0000000750a00000|  0%| F|  |TAMS 0x0000000750800000| PB 0x0000000750800000| Untracked 
| 645|0x0000000750a00000, 0x0000000750a00000, 0x0000000750c00000|  0%| F|  |TAMS 0x0000000750a00000| PB 0x0000000750a00000| Untracked 
| 646|0x0000000750c00000, 0x0000000750c00000, 0x0000000750e00000|  0%| F|  |TAMS 0x0000000750c00000| PB 0x0000000750c00000| Untracked 
| 647|0x0000000750e00000, 0x0000000750e00000, 0x0000000751000000|  0%| F|  |TAMS 0x0000000750e00000| PB 0x0000000750e00000| Untracked 
| 648|0x0000000751000000, 0x0000000751000000, 0x0000000751200000|  0%| F|  |TAMS 0x0000000751000000| PB 0x0000000751000000| Untracked 
| 649|0x0000000751200000, 0x0000000751200000, 0x0000000751400000|  0%| F|  |TAMS 0x0000000751200000| PB 0x0000000751200000| Untracked 
| 650|0x0000000751400000, 0x0000000751400000, 0x0000000751600000|  0%| F|  |TAMS 0x0000000751400000| PB 0x0000000751400000| Untracked 
| 651|0x0000000751600000, 0x0000000751600000, 0x0000000751800000|  0%| F|  |TAMS 0x0000000751600000| PB 0x0000000751600000| Untracked 
| 652|0x0000000751800000, 0x0000000751800000, 0x0000000751a00000|  0%| F|  |TAMS 0x0000000751800000| PB 0x0000000751800000| Untracked 
| 653|0x0000000751a00000, 0x0000000751a00000, 0x0000000751c00000|  0%| F|  |TAMS 0x0000000751a00000| PB 0x0000000751a00000| Untracked 
| 654|0x0000000751c00000, 0x0000000751c00000, 0x0000000751e00000|  0%| F|  |TAMS 0x0000000751c00000| PB 0x0000000751c00000| Untracked 
| 655|0x0000000751e00000, 0x0000000751e00000, 0x0000000752000000|  0%| F|  |TAMS 0x0000000751e00000| PB 0x0000000751e00000| Untracked 
| 656|0x0000000752000000, 0x0000000752000000, 0x0000000752200000|  0%| F|  |TAMS 0x0000000752000000| PB 0x0000000752000000| Untracked 
| 657|0x0000000752200000, 0x0000000752200000, 0x0000000752400000|  0%| F|  |TAMS 0x0000000752200000| PB 0x0000000752200000| Untracked 
| 658|0x0000000752400000, 0x0000000752400000, 0x0000000752600000|  0%| F|  |TAMS 0x0000000752400000| PB 0x0000000752400000| Untracked 
| 659|0x0000000752600000, 0x0000000752600000, 0x0000000752800000|  0%| F|  |TAMS 0x0000000752600000| PB 0x0000000752600000| Untracked 
| 660|0x0000000752800000, 0x0000000752800000, 0x0000000752a00000|  0%| F|  |TAMS 0x0000000752800000| PB 0x0000000752800000| Untracked 
| 661|0x0000000752a00000, 0x0000000752a00000, 0x0000000752c00000|  0%| F|  |TAMS 0x0000000752a00000| PB 0x0000000752a00000| Untracked 
| 662|0x0000000752c00000, 0x0000000752c00000, 0x0000000752e00000|  0%| F|  |TAMS 0x0000000752c00000| PB 0x0000000752c00000| Untracked 
| 663|0x0000000752e00000, 0x0000000752e00000, 0x0000000753000000|  0%| F|  |TAMS 0x0000000752e00000| PB 0x0000000752e00000| Untracked 
| 664|0x0000000753000000, 0x0000000753000000, 0x0000000753200000|  0%| F|  |TAMS 0x0000000753000000| PB 0x0000000753000000| Untracked 
| 665|0x0000000753200000, 0x0000000753200000, 0x0000000753400000|  0%| F|  |TAMS 0x0000000753200000| PB 0x0000000753200000| Untracked 
| 666|0x0000000753400000, 0x0000000753400000, 0x0000000753600000|  0%| F|  |TAMS 0x0000000753400000| PB 0x0000000753400000| Untracked 
| 667|0x0000000753600000, 0x0000000753600000, 0x0000000753800000|  0%| F|  |TAMS 0x0000000753600000| PB 0x0000000753600000| Untracked 
| 668|0x0000000753800000, 0x0000000753800000, 0x0000000753a00000|  0%| F|  |TAMS 0x0000000753800000| PB 0x0000000753800000| Untracked 
| 669|0x0000000753a00000, 0x0000000753a00000, 0x0000000753c00000|  0%| F|  |TAMS 0x0000000753a00000| PB 0x0000000753a00000| Untracked 
| 670|0x0000000753c00000, 0x0000000753c00000, 0x0000000753e00000|  0%| F|  |TAMS 0x0000000753c00000| PB 0x0000000753c00000| Untracked 
| 671|0x0000000753e00000, 0x0000000753e00000, 0x0000000754000000|  0%| F|  |TAMS 0x0000000753e00000| PB 0x0000000753e00000| Untracked 
| 672|0x0000000754000000, 0x0000000754000000, 0x0000000754200000|  0%| F|  |TAMS 0x0000000754000000| PB 0x0000000754000000| Untracked 
| 673|0x0000000754200000, 0x0000000754200000, 0x0000000754400000|  0%| F|  |TAMS 0x0000000754200000| PB 0x0000000754200000| Untracked 
| 674|0x0000000754400000, 0x0000000754400000, 0x0000000754600000|  0%| F|  |TAMS 0x0000000754400000| PB 0x0000000754400000| Untracked 
| 675|0x0000000754600000, 0x0000000754600000, 0x0000000754800000|  0%| F|  |TAMS 0x0000000754600000| PB 0x0000000754600000| Untracked 
| 676|0x0000000754800000, 0x0000000754800000, 0x0000000754a00000|  0%| F|  |TAMS 0x0000000754800000| PB 0x0000000754800000| Untracked 
| 677|0x0000000754a00000, 0x0000000754a00000, 0x0000000754c00000|  0%| F|  |TAMS 0x0000000754a00000| PB 0x0000000754a00000| Untracked 
| 678|0x0000000754c00000, 0x0000000754c00000, 0x0000000754e00000|  0%| F|  |TAMS 0x0000000754c00000| PB 0x0000000754c00000| Untracked 
| 679|0x0000000754e00000, 0x0000000754e00000, 0x0000000755000000|  0%| F|  |TAMS 0x0000000754e00000| PB 0x0000000754e00000| Untracked 
| 680|0x0000000755000000, 0x0000000755000000, 0x0000000755200000|  0%| F|  |TAMS 0x0000000755000000| PB 0x0000000755000000| Untracked 
|2034|0x00000007fe400000, 0x00000007fe600000, 0x00000007fe600000|100%| O|  |TAMS 0x00000007fe600000| PB 0x00000007fe600000| Updating 
|2035|0x00000007fe600000, 0x00000007fe600000, 0x00000007fe800000|  0%| F|  |TAMS 0x00000007fe600000| PB 0x00000007fe600000| Untracked 
|2036|0x00000007fe800000, 0x00000007fea00000, 0x00000007fea00000|100%| O|  |TAMS 0x00000007fea00000| PB 0x00000007fea00000| Updating 
|2037|0x00000007fea00000, 0x00000007fec00000, 0x00000007fec00000|100%| O|  |TAMS 0x00000007fec00000| PB 0x00000007fec00000| Updating 
|2038|0x00000007fec00000, 0x00000007fec00000, 0x00000007fee00000|  0%| F|  |TAMS 0x00000007fec00000| PB 0x00000007fec00000| Untracked 
|2043|0x00000007ff600000, 0x00000007ff800000, 0x00000007ff800000|100%| O|  |TAMS 0x00000007ff800000| PB 0x00000007ff800000| Updating 
|2044|0x00000007ff800000, 0x00000007ff800000, 0x00000007ffa00000|  0%| F|  |TAMS 0x00000007ff800000| PB 0x00000007ff800000| Untracked 
|2045|0x00000007ffa00000, 0x00000007ffc00000, 0x00000007ffc00000|100%| O|  |TAMS 0x00000007ffc00000| PB 0x00000007ffc00000| Updating 
|2046|0x00000007ffc00000, 0x00000007ffe00000, 0x00000007ffe00000|100%| O|  |TAMS 0x00000007ffe00000| PB 0x00000007ffe00000| Updating 
|2047|0x00000007ffe00000, 0x0000000800000000, 0x0000000800000000|100%| O|  |TAMS 0x0000000800000000| PB 0x0000000800000000| Untracked 

Card table byte_map: [0x0000019b378e0000,0x0000019b380e0000] _byte_map_base: 0x0000019b340e0000

Marking Bits: (CMBitMap*) 0x0000019b1fa56310
 Bits: [0x0000019b380e0000, 0x0000019b3c0e0000)

Polling page: 0x0000019b1d6a0000

Metaspace:

Usage:
  Non-class:    207.79 MB used.
      Class:     28.87 MB used.
       Both:    236.66 MB used.

Virtual space:
  Non-class space:      256.00 MB reserved,     210.44 MB ( 82%) committed,  4 nodes.
      Class space:        1.00 GB reserved,      30.88 MB (  3%) committed,  1 nodes.
             Both:        1.25 GB reserved,     241.31 MB ( 19%) committed. 

Chunk freelists:
   Non-Class:  14.78 MB
       Class:  1.67 MB
        Both:  16.45 MB

MaxMetaspaceSize: unlimited
CompressedClassSpaceSize: 1.00 GB
Initial GC threshold: 21.00 MB
Current GC threshold: 402.00 MB
CDS: on
 - commit_granule_bytes: 65536.
 - commit_granule_words: 8192.
 - virtual_space_node_default_size: 8388608.
 - enlarge_chunks_in_place: 1.
 - use_allocation_guard: 0.


Internal statistics:

num_allocs_failed_limit: 3.
num_arena_births: 6086.
num_arena_deaths: 1448.
num_vsnodes_births: 5.
num_vsnodes_deaths: 0.
num_space_committed: 3856.
num_space_uncommitted: 0.
num_chunks_returned_to_freelist: 1647.
num_chunks_taken_from_freelist: 16477.
num_chunk_merges: 585.
num_chunk_splits: 11315.
num_chunks_enlarged: 7828.
num_inconsistent_stats: 0.

CodeHeap 'non-profiled nmethods': size=120064Kb used=32408Kb max_used=37946Kb free=87655Kb
 bounds [0x0000019b2fba0000, 0x0000019b320d0000, 0x0000019b370e0000]
CodeHeap 'profiled nmethods': size=120000Kb used=49197Kb max_used=64546Kb free=70802Kb
 bounds [0x0000019b280e0000, 0x0000019b2c150000, 0x0000019b2f610000]
CodeHeap 'non-nmethods': size=5696Kb used=2857Kb max_used=2924Kb free=2839Kb
 bounds [0x0000019b2f610000, 0x0000019b2f900000, 0x0000019b2fba0000]
 total_blobs=25030 nmethods=23650 adapters=1279
 compilation: enabled
              stopped_count=0, restarted_count=0
 full_count=0

Compilation events (20 events):
Event: 4451.706 Thread 0x0000019b3e23e220 48236       4       java.util.concurrent.ScheduledThreadPoolExecutor$ScheduledFutureTask::run (57 bytes)
Event: 4451.823 Thread 0x0000019b3e23e220 nmethod 48236 0x0000019b2fcdc390 code [0x0000019b2fcdc740, 0x0000019b2fcddd08]
Event: 4468.968 Thread 0x0000019b3e23e220 48237       4       com.android.tools.r8.internal.ox::a (38 bytes)
Event: 4469.062 Thread 0x0000019b3e23e220 nmethod 48237 0x0000019b2fcc4e10 code [0x0000019b2fcc50e0, 0x0000019b2fcc5960]
Event: 4470.522 Thread 0x0000019b3e2ae430 48238       3       com.android.tools.r8.internal.lv::a (33 bytes)
Event: 4470.524 Thread 0x0000019b3e2ae430 nmethod 48238 0x0000019b284cd710 code [0x0000019b284cd8e0, 0x0000019b284cdbe0]
Event: 4470.524 Thread 0x0000019b3e2ae430 48239       3       com.android.tools.r8.graph.b0::a (56 bytes)
Event: 4470.528 Thread 0x0000019b3e2ae430 nmethod 48239 0x0000019b28422910 code [0x0000019b28422b60, 0x0000019b28423250]
Event: 4471.407 Thread 0x0000019b3e2ae430 48240       3       com.android.tools.r8.internal.jx3::d (11 bytes)
Event: 4471.409 Thread 0x0000019b3e2ae430 nmethod 48240 0x0000019b283d3590 code [0x0000019b283d3740, 0x0000019b283d3948]
Event: 4471.409 Thread 0x0000019b3e2ae430 48241       3       com.android.tools.r8.internal.bl0::<init> (8 bytes)
Event: 4471.409 Thread 0x0000019b3e2ae430 nmethod 48241 0x0000019b281d9910 code [0x0000019b281d9ac0, 0x0000019b281d9bf8]
Event: 4473.581 Thread 0x0000019b3e2ae430 48242       3       com.android.tools.r8.internal.f52::d (2125 bytes)
Event: 4473.762 Thread 0x0000019b3e2ae430 nmethod 48242 0x0000019b29710710 code [0x0000019b29711ac0, 0x0000019b2971f9c8]
Event: 4475.647 Thread 0x0000019b3e23e220 48243       4       com.android.tools.r8.internal.t31::<init> (46 bytes)
Event: 4475.708 Thread 0x0000019b3e23e220 nmethod 48243 0x0000019b3118ee10 code [0x0000019b3118f020, 0x0000019b311900b8]
Event: 4477.501 Thread 0x0000019b3e2ae430 48244       3       com.android.tools.r8.internal.td::a (223 bytes)
Event: 4477.507 Thread 0x0000019b3e2ae430 nmethod 48244 0x0000019b2b21c190 code [0x0000019b2b21c520, 0x0000019b2b21e548]
Event: 4480.645 Thread 0x0000019b3e2ae430 48245       3       com.android.tools.r8.internal.r4::c (10 bytes)
Event: 4480.646 Thread 0x0000019b3e2ae430 nmethod 48245 0x0000019b286eec90 code [0x0000019b286eee40, 0x0000019b286ef040]

GC Heap History (20 events):
Event: 4337.382 GC heap after
{Heap after GC invocations=244 (full 0):
 garbage-first heap   total 1415168K, used 409827K [0x0000000700000000, 0x0000000800000000)
  region size 2048K, 7 young (14336K), 7 survivors (14336K)
 Metaspace       used 243641K, committed 247104K, reserved 1310720K
  class space    used 29848K, committed 31616K, reserved 1048576K
}
Event: 4345.545 GC heap before
{Heap before GC invocations=244 (full 0):
 garbage-first heap   total 1415168K, used 612579K [0x0000000700000000, 0x0000000800000000)
  region size 2048K, 102 young (208896K), 7 survivors (14336K)
 Metaspace       used 243650K, committed 247104K, reserved 1310720K
  class space    used 29850K, committed 31616K, reserved 1048576K
}
Event: 4345.596 GC heap after
{Heap after GC invocations=245 (full 0):
 garbage-first heap   total 1415168K, used 398305K [0x0000000700000000, 0x0000000800000000)
  region size 2048K, 3 young (6144K), 3 survivors (6144K)
 Metaspace       used 243650K, committed 247104K, reserved 1310720K
  class space    used 29850K, committed 31616K, reserved 1048576K
}
Event: 4370.534 GC heap before
{Heap before GC invocations=245 (full 0):
 garbage-first heap   total 1415168K, used 838625K [0x0000000700000000, 0x0000000800000000)
  region size 2048K, 218 young (446464K), 3 survivors (6144K)
 Metaspace       used 243658K, committed 247104K, reserved 1310720K
  class space    used 29851K, committed 31616K, reserved 1048576K
}
Event: 4370.882 GC heap after
{Heap after GC invocations=246 (full 0):
 garbage-first heap   total 1415168K, used 412131K [0x0000000700000000, 0x0000000800000000)
  region size 2048K, 10 young (20480K), 10 survivors (20480K)
 Metaspace       used 243658K, committed 247104K, reserved 1310720K
  class space    used 29851K, committed 31616K, reserved 1048576K
}
Event: 4372.515 GC heap before
{Heap before GC invocations=246 (full 0):
 garbage-first heap   total 1415168K, used 461283K [0x0000000700000000, 0x0000000800000000)
  region size 2048K, 34 young (69632K), 10 survivors (20480K)
 Metaspace       used 243658K, committed 247104K, reserved 1310720K
  class space    used 29851K, committed 31616K, reserved 1048576K
}
Event: 4372.824 GC heap after
{Heap after GC invocations=247 (full 0):
 garbage-first heap   total 1415168K, used 421718K [0x0000000700000000, 0x0000000800000000)
  region size 2048K, 5 young (10240K), 5 survivors (10240K)
 Metaspace       used 243658K, committed 247104K, reserved 1310720K
  class space    used 29851K, committed 31616K, reserved 1048576K
}
Event: 4374.361 GC heap before
{Heap before GC invocations=247 (full 0):
 garbage-first heap   total 1415168K, used 569174K [0x0000000700000000, 0x0000000800000000)
  region size 2048K, 77 young (157696K), 5 survivors (10240K)
 Metaspace       used 243658K, committed 247104K, reserved 1310720K
  class space    used 29851K, committed 31616K, reserved 1048576K
}
Event: 4374.447 GC heap after
{Heap after GC invocations=248 (full 0):
 garbage-first heap   total 1415168K, used 434176K [0x0000000700000000, 0x0000000800000000)
  region size 2048K, 10 young (20480K), 10 survivors (20480K)
 Metaspace       used 243658K, committed 247104K, reserved 1310720K
  class space    used 29851K, committed 31616K, reserved 1048576K
}
Event: 4375.633 GC heap before
{Heap before GC invocations=248 (full 0):
 garbage-first heap   total 1415168K, used 483328K [0x0000000700000000, 0x0000000800000000)
  region size 2048K, 34 young (69632K), 10 survivors (20480K)
 Metaspace       used 243659K, committed 247104K, reserved 1310720K
  class space    used 29851K, committed 31616K, reserved 1048576K
}
Event: 4375.859 GC heap after
{Heap after GC invocations=249 (full 0):
 garbage-first heap   total 1415168K, used 437248K [0x0000000700000000, 0x0000000800000000)
  region size 2048K, 1 young (2048K), 1 survivors (2048K)
 Metaspace       used 243659K, committed 247104K, reserved 1310720K
  class space    used 29851K, committed 31616K, reserved 1048576K
}
Event: 4379.030 GC heap before
{Heap before GC invocations=249 (full 0):
 garbage-first heap   total 1415168K, used 650240K [0x0000000700000000, 0x0000000800000000)
  region size 2048K, 105 young (215040K), 1 survivors (2048K)
 Metaspace       used 243660K, committed 247104K, reserved 1310720K
  class space    used 29851K, committed 31616K, reserved 1048576K
}
Event: 4379.047 GC heap after
{Heap after GC invocations=250 (full 0):
 garbage-first heap   total 1415168K, used 437766K [0x0000000700000000, 0x0000000800000000)
  region size 2048K, 2 young (4096K), 2 survivors (4096K)
 Metaspace       used 243660K, committed 247104K, reserved 1310720K
  class space    used 29851K, committed 31616K, reserved 1048576K
}
Event: 4387.474 GC heap before
{Heap before GC invocations=250 (full 0):
 garbage-first heap   total 1415168K, used 732678K [0x0000000700000000, 0x0000000800000000)
  region size 2048K, 146 young (299008K), 2 survivors (4096K)
 Metaspace       used 243667K, committed 247104K, reserved 1310720K
  class space    used 29853K, committed 31616K, reserved 1048576K
}
Event: 4387.494 GC heap after
{Heap after GC invocations=251 (full 0):
 garbage-first heap   total 1415168K, used 438318K [0x0000000700000000, 0x0000000800000000)
  region size 2048K, 2 young (4096K), 2 survivors (4096K)
 Metaspace       used 243667K, committed 247104K, reserved 1310720K
  class space    used 29853K, committed 31616K, reserved 1048576K
}
Event: 4394.800 GC heap before
{Heap before GC invocations=251 (full 0):
 garbage-first heap   total 1415168K, used 852014K [0x0000000700000000, 0x0000000800000000)
  region size 2048K, 204 young (417792K), 2 survivors (4096K)
 Metaspace       used 243671K, committed 247104K, reserved 1310720K
  class space    used 29854K, committed 31616K, reserved 1048576K
}
Event: 4394.842 GC heap after
{Heap after GC invocations=252 (full 0):
 garbage-first heap   total 1415168K, used 439296K [0x0000000700000000, 0x0000000800000000)
  region size 2048K, 2 young (4096K), 2 survivors (4096K)
 Metaspace       used 243671K, committed 247104K, reserved 1310720K
  class space    used 29854K, committed 31616K, reserved 1048576K
}
Event: 4409.404 GC heap before
{Heap before GC invocations=252 (full 0):
 garbage-first heap   total 1415168K, used 984064K [0x0000000700000000, 0x0000000800000000)
  region size 2048K, 268 young (548864K), 2 survivors (4096K)
 Metaspace       used 243680K, committed 247104K, reserved 1310720K
  class space    used 29854K, committed 31616K, reserved 1048576K
}
Event: 4409.573 GC heap after
{Heap after GC invocations=253 (full 0):
 garbage-first heap   total 1415168K, used 441338K [0x0000000700000000, 0x0000000800000000)
  region size 2048K, 3 young (6144K), 3 survivors (6144K)
 Metaspace       used 243680K, committed 247104K, reserved 1310720K
  class space    used 29854K, committed 31616K, reserved 1048576K
}
Event: 4481.242 GC heap before
{Heap before GC invocations=253 (full 0):
 garbage-first heap   total 1400832K, used 893946K [0x0000000700000000, 0x0000000800000000)
  region size 2048K, 235 young (481280K), 3 survivors (6144K)
 Metaspace       used 242337K, committed 247104K, reserved 1310720K
  class space    used 29558K, committed 31616K, reserved 1048576K
}

Dll operation events (16 events):
Event: 0.068 Loaded shared library C:\Users\pawan\.gradle\jdks\eclipse_adoptium-21-amd64-windows.2\bin\java.dll
Event: 1.606 Loaded shared library C:\Users\pawan\.gradle\jdks\eclipse_adoptium-21-amd64-windows.2\bin\jsvml.dll
Event: 3.431 Loaded shared library C:\Users\pawan\.gradle\jdks\eclipse_adoptium-21-amd64-windows.2\bin\zip.dll
Event: 3.450 Loaded shared library C:\Users\pawan\.gradle\jdks\eclipse_adoptium-21-amd64-windows.2\bin\instrument.dll
Event: 3.465 Loaded shared library C:\Users\pawan\.gradle\jdks\eclipse_adoptium-21-amd64-windows.2\bin\net.dll
Event: 3.480 Loaded shared library C:\Users\pawan\.gradle\jdks\eclipse_adoptium-21-amd64-windows.2\bin\nio.dll
Event: 4.014 Loaded shared library C:\Users\pawan\.gradle\jdks\eclipse_adoptium-21-amd64-windows.2\bin\zip.dll
Event: 20.389 Loaded shared library C:\Users\pawan\.gradle\jdks\eclipse_adoptium-21-amd64-windows.2\bin\jimage.dll
Event: 65.467 Loaded shared library C:\Users\pawan\.gradle\jdks\eclipse_adoptium-21-amd64-windows.2\bin\verify.dll
Event: 68.938 Loaded shared library C:\Users\pawan\.gradle\native\660c5614fbf4a5f2a75b1949f50a0caf5cd603558e7d8a26e50b933a0cfb79d1\windows-amd64\native-platform.dll
Event: 69.364 Loaded shared library C:\Users\pawan\.gradle\native\0.2.8\x86_64-windows-gnu\gradle-fileevents.dll
Event: 106.251 Loaded shared library C:\Users\pawan\.gradle\jdks\eclipse_adoptium-21-amd64-windows.2\bin\management.dll
Event: 106.335 Loaded shared library C:\Users\pawan\.gradle\jdks\eclipse_adoptium-21-amd64-windows.2\bin\management_ext.dll
Event: 116.716 Loaded shared library C:\Users\pawan\.gradle\jdks\eclipse_adoptium-21-amd64-windows.2\bin\extnet.dll
Event: 126.747 Loaded shared library C:\Users\pawan\.gradle\jdks\eclipse_adoptium-21-amd64-windows.2\bin\sunmscapi.dll
Event: 1641.239 Loaded shared library C:\Users\pawan\.gradle\jdks\eclipse_adoptium-21-amd64-windows.2\bin\rmi.dll

Deoptimization events (20 events):
Event: 4447.705 Thread 0x0000019b8450a730 DEOPT PACKING pc=0x0000019b30acd86c sp=0x0000005f03cfedc0
Event: 4447.705 Thread 0x0000019b8450a730 DEOPT UNPACKING pc=0x0000019b2f6646a2 sp=0x0000005f03cfeca0 mode 2
Event: 4473.545 Thread 0x0000019b944bb120 Uncommon trap: trap_request=0xffffff45 fr.pc=0x0000019b30894cdc relative=0x0000000000001abc
Event: 4473.545 Thread 0x0000019b944bb120 Uncommon trap: reason=unstable_if action=reinterpret pc=0x0000019b30894cdc method=com.android.tools.r8.internal.f52.d()V @ 1092 c2
Event: 4473.550 Thread 0x0000019b944bb120 DEOPT PACKING pc=0x0000019b30894cdc sp=0x0000005f06ff6db0
Event: 4473.550 Thread 0x0000019b944bb120 DEOPT UNPACKING pc=0x0000019b2f6646a2 sp=0x0000005f06ff6d88 mode 2
Event: 4474.227 Thread 0x0000019b90072010 DEOPT PACKING pc=0x0000019b2971dce6 sp=0x0000005f069fa180
Event: 4474.227 Thread 0x0000019b90072010 DEOPT UNPACKING pc=0x0000019b2f664e42 sp=0x0000005f069f9848 mode 0
Event: 4475.393 Thread 0x0000019b90072010 DEOPT PACKING pc=0x0000019b2971dce6 sp=0x0000005f069fa180
Event: 4475.393 Thread 0x0000019b90072010 DEOPT UNPACKING pc=0x0000019b2f664e42 sp=0x0000005f069f9848 mode 0
Event: 4477.363 Thread 0x0000019b90072010 Uncommon trap: trap_request=0xffffffde fr.pc=0x0000019b310a32ec relative=0x000000000000070c
Event: 4477.364 Thread 0x0000019b90072010 Uncommon trap: reason=class_check action=maybe_recompile pc=0x0000019b310a32ec method=com.android.tools.r8.internal.rl.a(ILcom/android/tools/r8/internal/ky0;Lcom/android/tools/r8/internal/nc1;)V @ 64 c2
Event: 4477.364 Thread 0x0000019b90072010 DEOPT PACKING pc=0x0000019b310a32ec sp=0x0000005f069fa570
Event: 4477.367 Thread 0x0000019b90072010 DEOPT UNPACKING pc=0x0000019b2f6646a2 sp=0x0000005f069fa388 mode 2
Event: 4477.374 Thread 0x0000019b90072010 DEOPT PACKING pc=0x0000019b2971d98a sp=0x0000005f069fa180
Event: 4477.374 Thread 0x0000019b90072010 DEOPT UNPACKING pc=0x0000019b2f664e42 sp=0x0000005f069f9848 mode 0
Event: 4478.793 Thread 0x0000019b90072010 DEOPT PACKING pc=0x0000019b2971dce6 sp=0x0000005f069fa180
Event: 4478.793 Thread 0x0000019b90072010 DEOPT UNPACKING pc=0x0000019b2f664e42 sp=0x0000005f069f9848 mode 0
Event: 4480.479 Thread 0x0000019b944bb120 DEOPT PACKING pc=0x0000019b2971dce6 sp=0x0000005f06ff6bb0
Event: 4480.479 Thread 0x0000019b944bb120 DEOPT UNPACKING pc=0x0000019b2f664e42 sp=0x0000005f06ff6278 mode 0

Classes loaded (20 events):
Event: 3447.524 Loading class com/sun/org/apache/xerces/internal/dom/DeferredAttrImpl
Event: 3447.525 Loading class com/sun/org/apache/xerces/internal/dom/DeferredAttrImpl done
Event: 3447.569 Loading class com/sun/org/apache/xerces/internal/dom/DeferredCommentImpl
Event: 3447.581 Loading class com/sun/org/apache/xerces/internal/dom/DeferredCommentImpl done
Event: 3451.068 Loading class sun/security/ssl/PreSharedKeyExtension$PskIdentity
Event: 3451.096 Loading class sun/security/ssl/PreSharedKeyExtension$PskIdentity done
Event: 3451.101 Loading class sun/security/ssl/PreSharedKeyExtension$CHPreSharedKeySpec
Event: 3451.103 Loading class sun/security/ssl/PreSharedKeyExtension$CHPreSharedKeySpec done
Event: 3451.103 Loading class sun/security/ssl/PreSharedKeyExtension$PartialClientHelloMessage
Event: 3451.104 Loading class sun/security/ssl/PreSharedKeyExtension$PartialClientHelloMessage done
Event: 3451.104 Loading class sun/security/ssl/SSLEngineOutputRecord
Event: 3451.106 Loading class sun/security/ssl/SSLEngineOutputRecord done
Event: 3451.106 Loading class sun/security/ssl/SSLEngineOutputRecord$HandshakeFragment
Event: 3451.108 Loading class sun/security/ssl/SSLEngineOutputRecord$HandshakeFragment done
Event: 3451.108 Loading class sun/security/ssl/SSLEngineOutputRecord$HandshakeMemo
Event: 3451.108 Loading class sun/security/ssl/SSLEngineOutputRecord$RecordMemo
Event: 3451.108 Loading class sun/security/ssl/SSLEngineOutputRecord$RecordMemo done
Event: 3451.108 Loading class sun/security/ssl/SSLEngineOutputRecord$HandshakeMemo done
Event: 3451.239 Loading class sun/security/ssl/PreSharedKeyExtension$SHPreSharedKeySpec
Event: 3451.253 Loading class sun/security/ssl/PreSharedKeyExtension$SHPreSharedKeySpec done

Classes unloaded (20 events):
Event: 4421.650 Thread 0x0000019b3e2150c0 Unloading class 0x0000019b4028b400 'java/lang/invoke/LambdaForm$MH+0x0000019b4028b400'
Event: 4421.651 Thread 0x0000019b3e2150c0 Unloading class 0x0000019b40288c00 'java/lang/invoke/LambdaForm$MH+0x0000019b40288c00'
Event: 4421.651 Thread 0x0000019b3e2150c0 Unloading class 0x0000019b40288800 'java/lang/invoke/LambdaForm$MH+0x0000019b40288800'
Event: 4421.651 Thread 0x0000019b3e2150c0 Unloading class 0x0000019b40288400 'java/lang/invoke/LambdaForm$MH+0x0000019b40288400'
Event: 4421.654 Thread 0x0000019b3e2150c0 Unloading class 0x0000019b40238800 'java/lang/invoke/LambdaForm$MH+0x0000019b40238800'
Event: 4421.656 Thread 0x0000019b3e2150c0 Unloading class 0x0000019b4021c800 'java/lang/invoke/LambdaForm$MH+0x0000019b4021c800'
Event: 4421.656 Thread 0x0000019b3e2150c0 Unloading class 0x0000019b401cbc00 'java/lang/invoke/LambdaForm$MH+0x0000019b401cbc00'
Event: 4421.656 Thread 0x0000019b3e2150c0 Unloading class 0x0000019b401cb800 'java/lang/invoke/LambdaForm$MH+0x0000019b401cb800'
Event: 4421.657 Thread 0x0000019b3e2150c0 Unloading class 0x0000019b401ca400 'java/lang/invoke/LambdaForm$MH+0x0000019b401ca400'
Event: 4421.657 Thread 0x0000019b3e2150c0 Unloading class 0x0000019b401c8400 'java/lang/invoke/LambdaForm$MH+0x0000019b401c8400'
Event: 4421.658 Thread 0x0000019b3e2150c0 Unloading class 0x0000019b401a9800 'java/lang/invoke/LambdaForm$MH+0x0000019b401a9800'
Event: 4421.658 Thread 0x0000019b3e2150c0 Unloading class 0x0000019b4019c400 'java/lang/invoke/LambdaForm$MH+0x0000019b4019c400'
Event: 4421.659 Thread 0x0000019b3e2150c0 Unloading class 0x0000019b4019c000 'java/lang/invoke/LambdaForm$MH+0x0000019b4019c000'
Event: 4421.659 Thread 0x0000019b3e2150c0 Unloading class 0x0000019b40135400 'java/lang/invoke/LambdaForm$MH+0x0000019b40135400'
Event: 4421.661 Thread 0x0000019b3e2150c0 Unloading class 0x0000019b40119400 'java/lang/invoke/LambdaForm$MH+0x0000019b40119400'
Event: 4421.661 Thread 0x0000019b3e2150c0 Unloading class 0x0000019b40119000 'java/lang/invoke/LambdaForm$MH+0x0000019b40119000'
Event: 4421.661 Thread 0x0000019b3e2150c0 Unloading class 0x0000019b40118c00 'java/lang/invoke/LambdaForm$MH+0x0000019b40118c00'
Event: 4421.661 Thread 0x0000019b3e2150c0 Unloading class 0x0000019b40112c00 'java/lang/invoke/LambdaForm$MH+0x0000019b40112c00'
Event: 4421.661 Thread 0x0000019b3e2150c0 Unloading class 0x0000019b400ea400 'java/lang/invoke/LambdaForm$MH+0x0000019b400ea400'
Event: 4421.662 Thread 0x0000019b3e2150c0 Unloading class 0x0000019b40038000 'java/lang/invoke/LambdaForm$MH+0x0000019b40038000'

Classes redefined (0 events):
No events

Internal exceptions (20 events):
Event: 4228.340 Thread 0x0000019b90072010 Exception <a 'sun/nio/fs/WindowsException'{0x000000073c94ede0}> (0x000000073c94ede0) 
thrown [s\src\hotspot\share\prims\jni.cpp, line 520]
Event: 4228.348 Thread 0x0000019b90072010 Exception <a 'java/io/FileNotFoundException'{0x000000073c95bc90}> (0x000000073c95bc90) 
thrown [s\src\hotspot\share\prims\jni.cpp, line 520]
Event: 4228.388 Thread 0x0000019b90072010 Exception <a 'sun/nio/fs/WindowsException'{0x000000073c981c38}> (0x000000073c981c38) 
thrown [s\src\hotspot\share\prims\jni.cpp, line 520]
Event: 4228.409 Thread 0x0000019b90072010 Exception <a 'java/io/FileNotFoundException'{0x000000073c98eaf0}> (0x000000073c98eaf0) 
thrown [s\src\hotspot\share\prims\jni.cpp, line 520]
Event: 4229.394 Thread 0x0000019b90072010 Exception <a 'sun/nio/fs/WindowsException'{0x000000074f81ebf8}> (0x000000074f81ebf8) 
thrown [s\src\hotspot\share\prims\jni.cpp, line 520]
Event: 4229.411 Thread 0x0000019b90072010 Exception <a 'java/io/FileNotFoundException'{0x000000074f82bac0}> (0x000000074f82bac0) 
thrown [s\src\hotspot\share\prims\jni.cpp, line 520]
Event: 4229.542 Thread 0x0000019b90072010 Exception <a 'sun/nio/fs/WindowsException'{0x000000074f852448}> (0x000000074f852448) 
thrown [s\src\hotspot\share\prims\jni.cpp, line 520]
Event: 4229.546 Thread 0x0000019b90072010 Exception <a 'java/io/FileNotFoundException'{0x000000074f85f318}> (0x000000074f85f318) 
thrown [s\src\hotspot\share\prims\jni.cpp, line 520]
Event: 4340.505 Thread 0x0000019b944bb120 Exception <a 'sun/nio/fs/WindowsException'{0x0000000751564eb0}> (0x0000000751564eb0) 
thrown [s\src\hotspot\share\prims\jni.cpp, line 520]
Event: 4340.694 Thread 0x0000019b944bb120 Exception <a 'sun/nio/fs/WindowsException'{0x00000007515acea8}> (0x00000007515acea8) 
thrown [s\src\hotspot\share\prims\jni.cpp, line 520]
Event: 4352.476 Thread 0x0000019b944bb120 Exception <a 'sun/nio/fs/WindowsException'{0x00000007ff94e458}> (0x00000007ff94e458) 
thrown [s\src\hotspot\share\prims\jni.cpp, line 520]
Event: 4352.526 Thread 0x0000019b944bb120 Exception <a 'java/io/FileNotFoundException'{0x00000007ff95bb40}> (0x00000007ff95bb40) 
thrown [s\src\hotspot\share\prims\jni.cpp, line 520]
Event: 4359.116 Thread 0x0000019b944bb120 Exception <a 'sun/nio/fs/WindowsException'{0x00000007ff9a2a80}> (0x00000007ff9a2a80) 
thrown [s\src\hotspot\share\prims\jni.cpp, line 520]
Event: 4359.142 Thread 0x0000019b944bb120 Exception <a 'java/io/FileNotFoundException'{0x00000007ff9b0420}> (0x00000007ff9b0420) 
thrown [s\src\hotspot\share\prims\jni.cpp, line 520]
Event: 4359.460 Thread 0x0000019b944bb120 Exception <a 'sun/nio/fs/WindowsException'{0x0000000742c20500}> (0x0000000742c20500) 
thrown [s\src\hotspot\share\prims\jni.cpp, line 520]
Event: 4359.482 Thread 0x0000019b944bb120 Exception <a 'java/io/FileNotFoundException'{0x0000000742c2deb0}> (0x0000000742c2deb0) 
thrown [s\src\hotspot\share\prims\jni.cpp, line 520]
Event: 4359.560 Thread 0x0000019b944bb120 Exception <a 'sun/nio/fs/WindowsException'{0x0000000742c57710}> (0x0000000742c57710) 
thrown [s\src\hotspot\share\prims\jni.cpp, line 520]
Event: 4359.767 Thread 0x0000019b944bb120 Exception <a 'java/io/FileNotFoundException'{0x0000000742c650c8}> (0x0000000742c650c8) 
thrown [s\src\hotspot\share\prims\jni.cpp, line 520]
Event: 4359.843 Thread 0x0000019b944bb120 Exception <a 'sun/nio/fs/WindowsException'{0x0000000742c8c250}> (0x0000000742c8c250) 
thrown [s\src\hotspot\share\prims\jni.cpp, line 520]
Event: 4359.865 Thread 0x0000019b944bb120 Exception <a 'java/io/FileNotFoundException'{0x0000000742c99c10}> (0x0000000742c99c10) 
thrown [s\src\hotspot\share\prims\jni.cpp, line 520]

ZGC Phase Switch (0 events):
No events

VM Operations (20 events):
Event: 4403.543 Executing VM operation: Cleanup done
Event: 4409.401 Executing VM operation: G1CollectForAllocation (G1 Evacuation Pause)
Event: 4409.574 Executing VM operation: G1CollectForAllocation (G1 Evacuation Pause) done
Event: 4419.592 Executing VM operation: G1PauseRemark
Event: 4438.617 Executing VM operation: G1PauseRemark done
Event: 4442.675 Executing VM operation: Cleanup
Event: 4447.243 Executing VM operation: Cleanup done
Event: 4448.244 Executing VM operation: Cleanup
Event: 4450.126 Executing VM operation: Cleanup done
Event: 4452.129 Executing VM operation: Cleanup
Event: 4455.544 Executing VM operation: Cleanup done
Event: 4470.617 Executing VM operation: Cleanup
Event: 4470.731 Executing VM operation: Cleanup done
Event: 4471.732 Executing VM operation: Cleanup
Event: 4472.030 Executing VM operation: Cleanup done
Event: 4475.030 Executing VM operation: Cleanup
Event: 4475.211 Executing VM operation: Cleanup done
Event: 4478.215 Executing VM operation: Cleanup
Event: 4478.696 Executing VM operation: Cleanup done
Event: 4481.134 Executing VM operation: G1CollectForAllocation (G1 Evacuation Pause)

Memory protections (0 events):
No events

Nmethod flushes (20 events):
Event: 4437.593 Thread 0x0000019b3e2150c0 flushing  nmethod 0x0000019b2be87e90
Event: 4437.593 Thread 0x0000019b3e2150c0 flushing  nmethod 0x0000019b2bea3910
Event: 4437.593 Thread 0x0000019b3e2150c0 flushing osr nmethod 0x0000019b2bea6d10
Event: 4437.594 Thread 0x0000019b3e2150c0 flushing  nmethod 0x0000019b2bebb490
Event: 4437.594 Thread 0x0000019b3e2150c0 flushing  nmethod 0x0000019b2bebbc90
Event: 4437.594 Thread 0x0000019b3e2150c0 flushing  nmethod 0x0000019b2bebc910
Event: 4437.594 Thread 0x0000019b3e2150c0 flushing  nmethod 0x0000019b2bebe390
Event: 4437.594 Thread 0x0000019b3e2150c0 flushing  nmethod 0x0000019b2bebfa90
Event: 4437.594 Thread 0x0000019b3e2150c0 flushing  nmethod 0x0000019b2bf76f90
Event: 4437.594 Thread 0x0000019b3e2150c0 flushing  nmethod 0x0000019b2bf77390
Event: 4437.595 Thread 0x0000019b3e2150c0 flushing  nmethod 0x0000019b2bf79a90
Event: 4437.595 Thread 0x0000019b3e2150c0 flushing  nmethod 0x0000019b2bf86990
Event: 4437.595 Thread 0x0000019b3e2150c0 flushing  nmethod 0x0000019b2bf9d390
Event: 4437.596 Thread 0x0000019b3e2150c0 flushing  nmethod 0x0000019b2bfa6710
Event: 4437.596 Thread 0x0000019b3e2150c0 flushing  nmethod 0x0000019b2bfa7090
Event: 4437.596 Thread 0x0000019b3e2150c0 flushing  nmethod 0x0000019b2bfaaf10
Event: 4437.596 Thread 0x0000019b3e2150c0 flushing  nmethod 0x0000019b2bfaf610
Event: 4437.596 Thread 0x0000019b3e2150c0 flushing  nmethod 0x0000019b2bfc3d90
Event: 4437.597 Thread 0x0000019b3e2150c0 flushing  nmethod 0x0000019b2bfd7d90
Event: 4437.598 Thread 0x0000019b3e2150c0 flushing  nmethod 0x0000019b2bfd9e90

Events (20 events):
Event: 3718.610 Thread 0x0000019b944ba400 Thread added: 0x0000019b8f81ce60
Event: 3718.611 Thread 0x0000019b944ba400 Thread added: 0x0000019b8f81bab0
Event: 3751.493 Thread 0x0000019b8f8a0230 Thread added: 0x0000019b8f81b420
Event: 3767.637 Thread 0x0000019b853e08d0 Thread added: 0x0000019b8f81db80
Event: 3790.414 Thread 0x0000019b944bb120 Thread added: 0x0000019b8f81ad90
Event: 3816.959 Thread 0x0000019b944ba400 Thread added: 0x0000019b8f81e8a0
Event: 3827.751 Thread 0x0000019b8f81b420 Thread exited: 0x0000019b8f81b420
Event: 4007.340 Thread 0x0000019b8f81db80 Thread exited: 0x0000019b8f81db80
Event: 4030.293 Thread 0x0000019b853e08d0 Thread added: 0x0000019b948d02f0
Event: 4056.207 Thread 0x0000019b8f8a0230 Thread added: 0x0000019b948ce220
Event: 4093.018 Thread 0x0000019b948d02f0 Thread exited: 0x0000019b948d02f0
Event: 4104.586 Thread 0x0000019b853e08d0 Thread added: 0x0000019b948cf5d0
Event: 4137.297 Thread 0x0000019b948ce220 Thread exited: 0x0000019b948ce220
Event: 4218.577 Thread 0x0000019b948cf5d0 Thread exited: 0x0000019b948cf5d0
Event: 4240.404 Thread 0x0000019b853e08d0 Thread added: 0x0000019b853e0240
Event: 4301.190 Thread 0x0000019b853e0240 Thread exited: 0x0000019b853e0240
Event: 4345.988 Thread 0x0000019b853e08d0 Thread added: 0x0000019b853dee90
Event: 4352.843 Thread 0x0000019b8f8a0230 Thread added: 0x0000019b853de800
Event: 4438.618 Thread 0x0000019b853dee90 Thread exited: 0x0000019b853dee90
Event: 4438.631 Thread 0x0000019b853de800 Thread exited: 0x0000019b853de800


Dynamic libraries:
0x00007ff661ed0000 - 0x00007ff661ede000 	C:\Users\pawan\.gradle\jdks\eclipse_adoptium-21-amd64-windows.2\bin\java.exe
0x00007ff83acc0000 - 0x00007ff83af26000 	C:\WINDOWS\SYSTEM32\ntdll.dll
0x00007ff83a160000 - 0x00007ff83a229000 	C:\WINDOWS\System32\KERNEL32.DLL
0x00007ff8383c0000 - 0x00007ff8387bf000 	C:\WINDOWS\System32\KERNELBASE.dll
0x00007ff838890000 - 0x00007ff8389dc000 	C:\WINDOWS\System32\ucrtbase.dll
0x00007ff827590000 - 0x00007ff8275a8000 	C:\Users\pawan\.gradle\jdks\eclipse_adoptium-21-amd64-windows.2\bin\jli.dll
0x00007ff839a40000 - 0x00007ff839c06000 	C:\WINDOWS\System32\USER32.dll
0x00007ff837ed0000 - 0x00007ff837ef7000 	C:\WINDOWS\System32\win32u.dll
0x00007ff839300000 - 0x00007ff83932b000 	C:\WINDOWS\System32\GDI32.dll
0x00007ff8381e0000 - 0x00007ff838309000 	C:\WINDOWS\System32\gdi32full.dll
0x00007ff838310000 - 0x00007ff8383b3000 	C:\WINDOWS\System32\msvcp_win.dll
0x00007ff828090000 - 0x00007ff8280ae000 	C:\Users\pawan\.gradle\jdks\eclipse_adoptium-21-amd64-windows.2\bin\VCRUNTIME140.dll
0x00007ff811320000 - 0x00007ff8115b1000 	C:\WINDOWS\WinSxS\amd64_microsoft.windows.common-controls_6595b64144ccf1df_6.0.26100.8972_none_3e0da176e32f9d4b\COMCTL32.dll
0x00007ff83a660000 - 0x00007ff83a709000 	C:\WINDOWS\System32\msvcrt.dll
0x00007ff83a710000 - 0x00007ff83a742000 	C:\WINDOWS\System32\IMM32.DLL
0x00007ff832690000 - 0x00007ff83269c000 	C:\Users\pawan\.gradle\jdks\eclipse_adoptium-21-amd64-windows.2\bin\vcruntime140_1.dll
0x00007fffcd9f0000 - 0x00007fffcda7d000 	C:\Users\pawan\.gradle\jdks\eclipse_adoptium-21-amd64-windows.2\bin\msvcp140.dll
0x00007fff930b0000 - 0x00007fff93e40000 	C:\Users\pawan\.gradle\jdks\eclipse_adoptium-21-amd64-windows.2\bin\server\jvm.dll
0x00007ff83a230000 - 0x00007ff83a2ec000 	C:\WINDOWS\System32\ADVAPI32.dll
0x00007ff8393b0000 - 0x00007ff839459000 	C:\WINDOWS\System32\sechost.dll
0x00007ff8397e0000 - 0x00007ff8398f8000 	C:\WINDOWS\System32\RPCRT4.dll
0x00007ff838a20000 - 0x00007ff838aa2000 	C:\WINDOWS\System32\WS2_32.dll
0x00007ff837d30000 - 0x00007ff837d8e000 	C:\WINDOWS\SYSTEM32\POWRPROF.dll
0x00007ff82e940000 - 0x00007ff82e976000 	C:\WINDOWS\SYSTEM32\WINMM.dll
0x00007ff81fc50000 - 0x00007ff81fc5b000 	C:\WINDOWS\SYSTEM32\VERSION.dll
0x00007ff837d10000 - 0x00007ff837d25000 	C:\WINDOWS\SYSTEM32\UMPDC.dll
0x00007ff836bc0000 - 0x00007ff836bdb000 	C:\WINDOWS\SYSTEM32\kernel.appcore.dll
0x00007ff82b150000 - 0x00007ff82b15a000 	C:\Users\pawan\.gradle\jdks\eclipse_adoptium-21-amd64-windows.2\bin\jimage.dll
0x00007ff836060000 - 0x00007ff8362a2000 	C:\WINDOWS\SYSTEM32\DBGHELP.DLL
0x00007ff839dd0000 - 0x00007ff83a155000 	C:\WINDOWS\System32\combase.dll
0x00007ff839960000 - 0x00007ff839a39000 	C:\WINDOWS\System32\OLEAUT32.dll
0x00007ff81f570000 - 0x00007ff81f5ab000 	C:\WINDOWS\SYSTEM32\dbgcore.DLL
0x00007ff837f00000 - 0x00007ff837fac000 	C:\WINDOWS\System32\bcryptPrimitives.dll
0x00007ff82b110000 - 0x00007ff82b11f000 	C:\Users\pawan\.gradle\jdks\eclipse_adoptium-21-amd64-windows.2\bin\instrument.dll
0x00007ff824310000 - 0x00007ff82432f000 	C:\Users\pawan\.gradle\jdks\eclipse_adoptium-21-amd64-windows.2\bin\java.dll
0x00007ff838b70000 - 0x00007ff8392f8000 	C:\WINDOWS\System32\SHELL32.dll
0x00007ff8355c0000 - 0x00007ff835e5b000 	C:\WINDOWS\SYSTEM32\windows.storage.dll
0x00007ff839c40000 - 0x00007ff839d39000 	C:\WINDOWS\System32\SHCORE.dll
0x00007ff838ab0000 - 0x00007ff838b16000 	C:\WINDOWS\System32\shlwapi.dll
0x00007ff837df0000 - 0x00007ff837e19000 	C:\WINDOWS\SYSTEM32\profapi.dll
0x00007fffaf3f0000 - 0x00007fffaf4c7000 	C:\Users\pawan\.gradle\jdks\eclipse_adoptium-21-amd64-windows.2\bin\jsvml.dll
0x00007ff8242f0000 - 0x00007ff824308000 	C:\Users\pawan\.gradle\jdks\eclipse_adoptium-21-amd64-windows.2\bin\zip.dll
0x00007ff8295f0000 - 0x00007ff829600000 	C:\Users\pawan\.gradle\jdks\eclipse_adoptium-21-amd64-windows.2\bin\net.dll
0x00007ff82d520000 - 0x00007ff82d647000 	C:\WINDOWS\SYSTEM32\WINHTTP.dll
0x00007ff837170000 - 0x00007ff8371dc000 	C:\WINDOWS\system32\mswsock.dll
0x00007ff821950000 - 0x00007ff821966000 	C:\Users\pawan\.gradle\jdks\eclipse_adoptium-21-amd64-windows.2\bin\nio.dll
0x00007ff828eb0000 - 0x00007ff828ec0000 	C:\Users\pawan\.gradle\jdks\eclipse_adoptium-21-amd64-windows.2\bin\verify.dll
0x00007fffbf370000 - 0x00007fffbf397000 	C:\Users\pawan\.gradle\native\660c5614fbf4a5f2a75b1949f50a0caf5cd603558e7d8a26e50b933a0cfb79d1\windows-amd64\native-platform.dll
0x00007ff82a2b0000 - 0x00007ff82a327000 	C:\Users\pawan\.gradle\native\0.2.8\x86_64-windows-gnu\gradle-fileevents.dll
0x00007ff8288a0000 - 0x00007ff8288aa000 	C:\Users\pawan\.gradle\jdks\eclipse_adoptium-21-amd64-windows.2\bin\management.dll
0x00007ff8280c0000 - 0x00007ff8280cb000 	C:\Users\pawan\.gradle\jdks\eclipse_adoptium-21-amd64-windows.2\bin\management_ext.dll
0x00007ff83a300000 - 0x00007ff83a308000 	C:\WINDOWS\System32\PSAPI.DLL
0x00007ff836570000 - 0x00007ff8365a3000 	C:\WINDOWS\SYSTEM32\IPHLPAPI.DLL
0x00007ff83a7e0000 - 0x00007ff83a7ea000 	C:\WINDOWS\System32\NSI.dll
0x00007ff821f30000 - 0x00007ff821f39000 	C:\Users\pawan\.gradle\jdks\eclipse_adoptium-21-amd64-windows.2\bin\extnet.dll
0x00007ff837460000 - 0x00007ff83747b000 	C:\WINDOWS\SYSTEM32\CRYPTSP.dll
0x00007ff836b20000 - 0x00007ff836b59000 	C:\WINDOWS\system32\rsaenh.dll
0x00007ff837220000 - 0x00007ff837252000 	C:\WINDOWS\SYSTEM32\USERENV.dll
0x00007ff837dc0000 - 0x00007ff837dea000 	C:\WINDOWS\SYSTEM32\bcrypt.dll
0x00007ff837480000 - 0x00007ff83748c000 	C:\WINDOWS\SYSTEM32\CRYPTBASE.dll
0x00007ff8326b0000 - 0x00007ff8326be000 	C:\Users\pawan\.gradle\jdks\eclipse_adoptium-21-amd64-windows.2\bin\sunmscapi.dll
0x00007ff837fc0000 - 0x00007ff83813e000 	C:\WINDOWS\System32\CRYPT32.dll
0x00007ff8376a0000 - 0x00007ff8376d0000 	C:\WINDOWS\SYSTEM32\ncrypt.dll
0x00007ff837650000 - 0x00007ff83768f000 	C:\WINDOWS\SYSTEM32\NTASN1.dll
0x00007ff800660000 - 0x00007ff800668000 	C:\WINDOWS\system32\wshunix.dll
0x00007ff820a80000 - 0x00007ff820a87000 	C:\Users\pawan\.gradle\jdks\eclipse_adoptium-21-amd64-windows.2\bin\rmi.dll
0x00007ff8365b0000 - 0x00007ff836708000 	C:\WINDOWS\SYSTEM32\DNSAPI.dll
0x00007ff836f70000 - 0x00007ff836f7d000 	C:\WINDOWS\SYSTEM32\DSPARSE.dll
0x00000000548c0000 - 0x00000000548e6000 	C:\Program Files\Bonjour\mdnsNSP.dll
0x00007ff82cf40000 - 0x00007ff82cf4b000 	C:\Windows\System32\rasadhlp.dll
0x00007ff82cd30000 - 0x00007ff82cdb6000 	C:\WINDOWS\System32\fwpuclnt.dll

dbghelp: loaded successfully - version: 4.0.5 - missing functions: none
symbol engine: initialized successfully - sym options: 0x614 - pdb path: .;C:\Users\pawan\.gradle\jdks\eclipse_adoptium-21-amd64-windows.2\bin;C:\WINDOWS\SYSTEM32;C:\WINDOWS\WinSxS\amd64_microsoft.windows.common-controls_6595b64144ccf1df_6.0.26100.8972_none_3e0da176e32f9d4b;C:\Users\pawan\.gradle\jdks\eclipse_adoptium-21-amd64-windows.2\bin\server;C:\Users\pawan\.gradle\native\660c5614fbf4a5f2a75b1949f50a0caf5cd603558e7d8a26e50b933a0cfb79d1\windows-amd64;C:\Users\pawan\.gradle\native\0.2.8\x86_64-windows-gnu;C:\Program Files\Bonjour

VM Arguments:
jvm_args: --add-opens=java.base/java.lang=ALL-UNNAMED --add-opens=java.base/java.lang.invoke=ALL-UNNAMED --add-opens=java.base/java.util=ALL-UNNAMED --add-opens=java.prefs/java.util.prefs=ALL-UNNAMED --add-exports=jdk.compiler/com.sun.tools.javac.api=ALL-UNNAMED --add-exports=jdk.compiler/com.sun.tools.javac.util=ALL-UNNAMED --add-opens=java.base/java.nio.charset=ALL-UNNAMED --add-opens=java.base/java.net=ALL-UNNAMED --add-opens=java.base/java.util.concurrent=ALL-UNNAMED --add-opens=java.base/java.util.concurrent.atomic=ALL-UNNAMED --add-opens=java.xml/javax.xml.namespace=ALL-UNNAMED --add-opens=java.base/java.time=ALL-UNNAMED -Xmx4096m -Dfile.encoding=UTF-8 -Duser.country=IN -Duser.language=en -Duser.variant -javaagent:C:\Users\pawan\.gradle\wrapper\dists\gradle-9.6.1-bin\4ticwg1pgcbps2hj28r8so764\gradle-9.6.1\lib\agents\gradle-instrumentation-agent-9.6.1.jar 
java_command: org.gradle.launcher.daemon.bootstrap.GradleDaemon 9.6.1
java_class_path (initial): C:\Users\pawan\.gradle\wrapper\dists\gradle-9.6.1-bin\4ticwg1pgcbps2hj28r8so764\gradle-9.6.1\lib\gradle-daemon-main-9.6.1.jar
Launcher Type: SUN_STANDARD

[Global flags]
     intx CICompilerCount                          = 2                                         {product} {ergonomic}
     uint ConcGCThreads                            = 1                                         {product} {ergonomic}
     uint G1ConcRefinementThreads                  = 2                                         {product} {ergonomic}
   size_t G1HeapRegionSize                         = 2097152                                   {product} {ergonomic}
    uintx GCDrainStackTargetSize                   = 64                                        {product} {ergonomic}
   size_t InitialHeapSize                          = 98566144                                  {product} {ergonomic}
   size_t MarkStackSize                            = 4194304                                   {product} {ergonomic}
   size_t MaxHeapSize                              = 4294967296                                {product} {command line}
   size_t MaxNewSize                               = 2575302656                                {product} {ergonomic}
   size_t MinHeapDeltaBytes                        = 2097152                                   {product} {ergonomic}
   size_t MinHeapSize                              = 8388608                                   {product} {ergonomic}
    uintx NonNMethodCodeHeapSize                   = 5826188                                {pd product} {ergonomic}
    uintx NonProfiledCodeHeapSize                  = 122916026                              {pd product} {ergonomic}
    uintx ProfiledCodeHeapSize                     = 122916026                              {pd product} {ergonomic}
    uintx ReservedCodeCacheSize                    = 251658240                              {pd product} {ergonomic}
     bool SegmentedCodeCache                       = true                                      {product} {ergonomic}
   size_t SoftMaxHeapSize                          = 4294967296                             {manageable} {ergonomic}
     bool UseCompressedOops                        = true                           {product lp64_product} {ergonomic}
     bool UseG1GC                                  = true                                      {product} {ergonomic}
     bool UseLargePagesIndividualAllocation        = false                                  {pd product} {ergonomic}

Logging:
Log output configuration:
 #0: stdout all=warning uptime,level,tags foldmultilines=false
 #1: stderr all=off uptime,level,tags foldmultilines=false

Environment Variables:
PATH=C:\Program Files\Eclipse Adoptium\jdk-25.0.3.9-hotspot\bin;C:\Python313\Scripts\;C:\Python313\;C:\Windows\system32;C:\Windows;C:\Windows\System32\Wbem;C:\Windows\System32\WindowsPowerShell\v1.0\;C:\Windows\System32\OpenSSH\;C:\Program Files (x86)\NVIDIA Corporation\PhysX\Common;C:\Program Files\NVIDIA Corporation\NVIDIA NvDLISR;C:\WINDOWS\system32;C:\WINDOWS;C:\WINDOWS\System32\Wbem;C:\WINDOWS\System32\WindowsPowerShell\v1.0\;C:\WINDOWS\System32\OpenSSH\;C:\ProgramData\chocolatey\bin;C:\Program Files\MATLAB\R2009a\bin;C:\Program Files\MATLAB\R2009a\bin\win64;C:\Program Files\nodejs\;C:\Program Files\Git\cmd;C:\Users\pawan\AppData\Local\Programs\Python\Launcher\;C:\Users\pawan\AppData\Local\Microsoft\WindowsApps;C:\Users\pawan\AppData\Local\Programs\Microsoft VS Code\bin;C:\Users\pawan\flutter\bin;C:\Users\pawan\AppData\Local\Programs\Antigravity\bin;C:\Users\pawan\AppData\Local\Programs\Ollama;C:\Users\pawan\AppData\Local\Programs\Antigravity IDE\bin;C:\Users\pawan\AppData\Roaming\npm
USERNAME=pawan
OS=Windows_NT
PROCESSOR_IDENTIFIER=AMD64 Family 23 Model 160 Stepping 0, AuthenticAMD
TMP=C:\Users\pawan\AppData\Local\Temp
TEMP=C:\Users\pawan\AppData\Local\Temp




Periodic native trim disabled

---------------  S Y S T E M  ---------------

OS:
 Windows 11 , 64 bit Build 26100 (10.0.26100.8972)
OS uptime: 1 days 7:45 hours
Hyper-V role detected

CPU: total 2 (initial active 2) (2 cores per cpu, 1 threads per core) family 23 model 160 stepping 0 microcode 0x8a0000b, cx8, cmov, fxsr, mmx, 3dnowpref, sse, sse2, sse3, ssse3, sse4a, sse4.1, sse4.2, popcnt, lzcnt, tsc, tscinvbit, avx, avx2, aes, clmul, bmi1, bmi2, adx, sha, fma, vzeroupper, clflush, clflushopt, hv, rdtscp, rdpid, f16c
Processor Information for the first 2 processors :
  Max Mhz: 2401, Current Mhz: 2401, Mhz Limit: 2401

Memory: 4k page, system-wide physical 5965M (204M free)
TotalPageFile size 24397M (AvailPageFile size 8M)
current process WorkingSet (physical memory assigned to process): 589M, peak: 1041M
current process commit charge ("private bytes"): 2020M, peak: 2218M

vm_info: OpenJDK 64-Bit Server VM (21.0.7+6-LTS) for windows-amd64 JRE (21.0.7+6-LTS), built on 2025-04-15T00:00:00Z by "admin" with MS VC++ 17.7 (VS2022)

END.
