#
# There is insufficient memory for the Java Runtime Environment to continue.
# Native memory allocation (mmap) failed to map 742391808 bytes. Error detail: G1 virtual space
# Possible reasons:
#   The system is out of physical RAM or swap space
#   This process is running with CompressedOops enabled, and the Java Heap may be blocking the growth of the native heap
# Possible solutions:
#   Reduce memory load on the system
#   Increase physical memory or swap space
#   Check if swap backing store is full
#   Decrease Java heap size (-Xmx/-Xms)
#   Decrease number of Java threads
#   Decrease Java thread stack sizes (-Xss)
#   Set larger code cache with -XX:ReservedCodeCacheSize=
#   JVM is running with Zero Based Compressed Oops mode in which the Java heap is
#     placed in the first 32GB address space. The Java Heap base address is the
#     maximum limit for the native heap growth. Please use -XX:HeapBaseMinAddress
#     to set the Java Heap base and to place the Java Heap above 32GB virtual address.
# This output file may be truncated or incomplete.
#
#  Out of Memory Error (os_windows.cpp:3686), pid=376, tid=19072
#
# JRE version: OpenJDK Runtime Environment Temurin-21.0.7+6 (21.0.7+6) (build 21.0.7+6-LTS)
# Java VM: OpenJDK 64-Bit Server VM Temurin-21.0.7+6 (21.0.7+6-LTS, mixed mode, sharing, tiered, compressed oops, compressed class ptrs, g1 gc, windows-amd64)
# No core dump will be written. Minidumps are not enabled by default on client versions of Windows
#

---------------  S U M M A R Y ------------

Command Line: --add-opens=java.base/java.lang=ALL-UNNAMED --add-opens=java.base/java.lang.invoke=ALL-UNNAMED --add-opens=java.base/java.util=ALL-UNNAMED --add-opens=java.prefs/java.util.prefs=ALL-UNNAMED --add-exports=jdk.compiler/com.sun.tools.javac.api=ALL-UNNAMED --add-exports=jdk.compiler/com.sun.tools.javac.util=ALL-UNNAMED --add-opens=java.base/java.nio.charset=ALL-UNNAMED --add-opens=java.base/java.net=ALL-UNNAMED --add-opens=java.base/java.util.concurrent=ALL-UNNAMED --add-opens=java.base/java.util.concurrent.atomic=ALL-UNNAMED --add-opens=java.xml/javax.xml.namespace=ALL-UNNAMED --add-opens=java.base/java.time=ALL-UNNAMED -Xmx4096m -Dfile.encoding=UTF-8 -Duser.country=IN -Duser.language=en -Duser.variant -javaagent:C:\Users\pawan\.gradle\wrapper\dists\gradle-9.6.1-bin\4ticwg1pgcbps2hj28r8so764\gradle-9.6.1\lib\agents\gradle-instrumentation-agent-9.6.1.jar org.gradle.launcher.daemon.bootstrap.GradleDaemon 9.6.1

Host: AMD Athlon Silver 7120U with Radeon Graphics   , 2 cores, 5G,  Windows 11 , 64 bit Build 26100 (10.0.26100.8972)
Time: Mon Aug 10 19:57:17 2026 India Standard Time elapsed time: 36884.137644 seconds (0d 10h 14m 44s)

---------------  T H R E A D  ---------------

Current thread (0x0000016ff16e6e00):  VMThread "VM Thread"          [id=19072, stack(0x00000064e4e00000,0x00000064e4f00000) (1024K)]

Stack: [0x00000064e4e00000,0x00000064e4f00000]
Native frames: (J=compiled Java code, j=interpreted, Vv=VM code, C=native code)
V  [jvm.dll+0x6ce119]
V  [jvm.dll+0x8a84a1]
V  [jvm.dll+0x8aa9ce]
V  [jvm.dll+0x8ab0b3]
V  [jvm.dll+0x27f8a6]
V  [jvm.dll+0x6ca945]
V  [jvm.dll+0x6bebea]
V  [jvm.dll+0x355eca]
V  [jvm.dll+0x35da96]
V  [jvm.dll+0x3af72e]
V  [jvm.dll+0x3af9d8]
V  [jvm.dll+0x32a05c]
V  [jvm.dll+0x32a0e7]
V  [jvm.dll+0x36deac]
V  [jvm.dll+0x36c6f8]
V  [jvm.dll+0x329821]
V  [jvm.dll+0x36bd6a]
V  [jvm.dll+0x8b0dcf]
V  [jvm.dll+0x8b2154]
V  [jvm.dll+0x8b2690]
V  [jvm.dll+0x8b2933]
V  [jvm.dll+0x851f6b]
V  [jvm.dll+0x6cc7dd]
C  [ucrtbase.dll+0x2cd30]
C  [KERNEL32.DLL+0x2ccb7]
C  [ntdll.dll+0xaad6c]

VM_Operation (0x00000064e8efe7a0): G1CollectForAllocation, mode: safepoint, requested by thread 0x0000016fca1be530


---------------  P R O C E S S  ---------------

Threads class SMR info:
_java_thread_list=0x0000017018577350, length=67, elements={
0x0000016fd0bb6260, 0x0000016ff1701620, 0x0000016ff1704da0, 0x0000016ff1708520,
0x0000016ff170bf90, 0x0000016ff170c9e0, 0x0000016ff170d430, 0x0000016ff170e1b0,
0x0000016ff1782790, 0x0000016ff17f8170, 0x0000016ff199a4b0, 0x0000016ff6be46c0,
0x0000016ff7428350, 0x0000016ff6b64c20, 0x0000016ff69de280, 0x0000016ff69ddbf0,
0x0000016ff69dced0, 0x0000016ff69dd560, 0x0000016ff1a20820, 0x0000016ff1a1e0c0,
0x0000016ff1a1fb00, 0x0000016ff1a1f470, 0x0000016ff1a228f0, 0x0000016ffbe843f0,
0x0000016ff6bb0600, 0x0000016ff6bb61e0, 0x0000016ffbe7f530, 0x0000016ffd9607a0,
0x0000016ffd959810, 0x0000016ffd558290, 0x0000016ffd550c70, 0x0000016ffd959180,
0x0000016ffd552d40, 0x0000016ff6bb47a0, 0x0000016ffd95ed60, 0x0000016fff6fd3c0,
0x0000016ffd95d320, 0x0000016ff9c5b5e0, 0x0000016ff9c5a8c0, 0x0000016ff9c5af50,
0x0000016ff9c5bc70, 0x0000016ff9c5c300, 0x0000016ff9c59ba0, 0x0000016ff9c58e80,
0x0000016ff9c5c990, 0x0000016ff9c5fe10, 0x0000016ff9c5d6b0, 0x0000016ff9c5f780,
0x0000016ff9c5dd40, 0x0000016fca517cf0, 0x0000016fca51c520, 0x0000016fca51cbb0,
0x0000016fca51b800, 0x0000016fca519dc0, 0x0000016fca51f9a0, 0x0000016fca51df60,
0x0000016fca51ec80, 0x0000016fca51f310, 0x0000016fca1bd810, 0x0000016fca1bdea0,
0x0000016fca1bb740, 0x0000016fca1bbdd0, 0x0000016fca1ba390, 0x0000016fca1c19b0,
0x0000016fca1bf8e0, 0x0000016fca1be530, 0x0000016fca1bff70
}

Java Threads: ( => current thread )
  0x0000016fd0bb6260 JavaThread "main"                              [_thread_blocked, id=15680, stack(0x00000064e4700000,0x00000064e4800000) (1024K)]
  0x0000016ff1701620 JavaThread "Reference Handler"          daemon [_thread_blocked, id=14748, stack(0x00000064e4f00000,0x00000064e5000000) (1024K)]
  0x0000016ff1704da0 JavaThread "Finalizer"                  daemon [_thread_blocked, id=20988, stack(0x00000064e5000000,0x00000064e5100000) (1024K)]
  0x0000016ff1708520 JavaThread "Signal Dispatcher"          daemon [_thread_blocked, id=8648, stack(0x00000064e5100000,0x00000064e5200000) (1024K)]
  0x0000016ff170bf90 JavaThread "Attach Listener"            daemon [_thread_blocked, id=20424, stack(0x00000064e5200000,0x00000064e5300000) (1024K)]
  0x0000016ff170c9e0 JavaThread "Service Thread"             daemon [_thread_blocked, id=16080, stack(0x00000064e5300000,0x00000064e5400000) (1024K)]
  0x0000016ff170d430 JavaThread "Monitor Deflation Thread"   daemon [_thread_blocked, id=2444, stack(0x00000064e5400000,0x00000064e5500000) (1024K)]
  0x0000016ff170e1b0 JavaThread "C2 CompilerThread0"         daemon [_thread_blocked, id=10916, stack(0x00000064e5500000,0x00000064e5600000) (1024K)]
  0x0000016ff1782790 JavaThread "C1 CompilerThread0"         daemon [_thread_blocked, id=20152, stack(0x00000064e5600000,0x00000064e5700000) (1024K)]
  0x0000016ff17f8170 JavaThread "Common-Cleaner"             daemon [_thread_blocked, id=776, stack(0x00000064e5700000,0x00000064e5800000) (1024K)]
  0x0000016ff199a4b0 JavaThread "Notification Thread"        daemon [_thread_blocked, id=22420, stack(0x00000064e5800000,0x00000064e5900000) (1024K)]
  0x0000016ff6be46c0 JavaThread "Daemon health stats"               [_thread_blocked, id=9480, stack(0x00000064e5a00000,0x00000064e5b00000) (1024K)]
  0x0000016ff7428350 JavaThread "Incoming local TCP Connector on port 57057"        [_thread_in_native, id=13880, stack(0x00000064e5b00000,0x00000064e5c00000) (1024K)]
  0x0000016ff6b64c20 JavaThread "Daemon periodic checks"            [_thread_blocked, id=8496, stack(0x00000064e5c00000,0x00000064e5d00000) (1024K)]
  0x0000016ff69de280 JavaThread "Cache worker for journal cache (C:\Users\pawan\.gradle\caches\journal-1)"        [_thread_blocked, id=17880, stack(0x00000064e6400000,0x00000064e6500000) (1024K)]
  0x0000016ff69ddbf0 JavaThread "File lock request listener"        [_thread_in_native, id=19556, stack(0x00000064e6500000,0x00000064e6600000) (1024K)]
  0x0000016ff69dced0 JavaThread "Cache worker for file hash cache (C:\Users\pawan\.gradle\caches\9.6.1\fileHashes)"        [_thread_blocked, id=11644, stack(0x00000064e6600000,0x00000064e6700000) (1024K)]
  0x0000016ff69dd560 JavaThread "File watcher server"        daemon [_thread_in_native, id=7028, stack(0x00000064e6900000,0x00000064e6a00000) (1024K)]
  0x0000016ff1a20820 JavaThread "File watcher consumer"      daemon [_thread_blocked, id=22400, stack(0x00000064e6a00000,0x00000064e6b00000) (1024K)]
  0x0000016ff1a1e0c0 JavaThread "Cache worker for file content cache (C:\Users\pawan\.gradle\caches\9.6.1\fileContent)"        [_thread_blocked, id=2364, stack(0x00000064e6b00000,0x00000064e6c00000) (1024K)]
  0x0000016ff1a1fb00 JavaThread "jar transforms"                    [_thread_blocked, id=3504, stack(0x00000064e6f00000,0x00000064e7000000) (1024K)]
  0x0000016ff1a1f470 JavaThread "jar transforms Thread 2"           [_thread_blocked, id=21776, stack(0x00000064e7000000,0x00000064e7100000) (1024K)]
  0x0000016ff1a228f0 JavaThread "Memory manager"                    [_thread_blocked, id=7952, stack(0x00000064e7400000,0x00000064e7500000) (1024K)]
  0x0000016ffbe843f0 JavaThread "pool-3-thread-1"                   [_thread_blocked, id=14396, stack(0x00000064e7600000,0x00000064e7700000) (1024K)]
  0x0000016ff6bb0600 JavaThread "RMI Scheduler(0)"           daemon [_thread_blocked, id=6080, stack(0x00000064e4600000,0x00000064e4700000) (1024K)]
  0x0000016ff6bb61e0 JavaThread "RMI TCP Accept-0"           daemon [_thread_in_native, id=6828, stack(0x00000064e8000000,0x00000064e8100000) (1024K)]
  0x0000016ffbe7f530 JavaThread "pool-7-thread-1"                   [_thread_blocked, id=6088, stack(0x00000064e7500000,0x00000064e7600000) (1024K)]
  0x0000016ffd9607a0 JavaThread "pool-11-thread-1"                  [_thread_blocked, id=10780, stack(0x00000064e7700000,0x00000064e7800000) (1024K)]
  0x0000016ffd959810 JavaThread "pool-14-thread-1"                  [_thread_blocked, id=25152, stack(0x00000064e7900000,0x00000064e7a00000) (1024K)]
  0x0000016ffd558290 JavaThread "pool-18-thread-1"                  [_thread_blocked, id=15596, stack(0x00000064e7800000,0x00000064e7900000) (1024K)]
  0x0000016ffd550c70 JavaThread "pool-22-thread-1"                  [_thread_blocked, id=20756, stack(0x00000064e7200000,0x00000064e7300000) (1024K)]
  0x0000016ffd959180 JavaThread "pool-25-thread-1"                  [_thread_blocked, id=14820, stack(0x00000064e7b00000,0x00000064e7c00000) (1024K)]
  0x0000016ffd552d40 JavaThread "pool-29-thread-1"                  [_thread_blocked, id=16056, stack(0x00000064e7c00000,0x00000064e7d00000) (1024K)]
  0x0000016ff6bb47a0 JavaThread "pool-32-thread-1"                  [_thread_blocked, id=8248, stack(0x00000064e7d00000,0x00000064e7e00000) (1024K)]
  0x0000016ffd95ed60 JavaThread "pool-35-thread-1"                  [_thread_blocked, id=25612, stack(0x00000064e7e00000,0x00000064e7f00000) (1024K)]
  0x0000016fff6fd3c0 JavaThread "pool-39-thread-1"                  [_thread_blocked, id=20016, stack(0x00000064e4500000,0x00000064e4600000) (1024K)]
  0x0000016ffd95d320 JavaThread "pool-42-thread-1"                  [_thread_blocked, id=20896, stack(0x00000064e7a00000,0x00000064e7b00000) (1024K)]
  0x0000016ff9c5b5e0 JavaThread "Daemon Thread 14"                  [_thread_blocked, id=3816, stack(0x00000064e5d00000,0x00000064e5e00000) (1024K)]
  0x0000016ff9c5a8c0 JavaThread "Handler for socket connection from /127.0.0.1:57057 to /127.0.0.1:49958"        [_thread_in_native, id=15092, stack(0x00000064e5e00000,0x00000064e5f00000) (1024K)]
  0x0000016ff9c5af50 JavaThread "Cancel handler"                    [_thread_blocked, id=16724, stack(0x00000064e5f00000,0x00000064e6000000) (1024K)]
  0x0000016ff9c5bc70 JavaThread "Daemon worker Thread 13"           [_thread_blocked, id=21080, stack(0x00000064e6000000,0x00000064e6100000) (1024K)]
  0x0000016ff9c5c300 JavaThread "Asynchronous log dispatcher for DefaultDaemonConnection: socket connection from /127.0.0.1:57057 to /127.0.0.1:49958"        [_thread_blocked, id=19148, stack(0x00000064e6100000,0x00000064e6200000) (1024K)]
  0x0000016ff9c59ba0 JavaThread "Stdin handler"                     [_thread_blocked, id=22620, stack(0x00000064e6200000,0x00000064e6300000) (1024K)]
  0x0000016ff9c58e80 JavaThread "Daemon client event forwarder"        [_thread_blocked, id=15384, stack(0x00000064e6300000,0x00000064e6400000) (1024K)]
  0x0000016ff9c5c990 JavaThread "Cache worker for file hash cache (C:\Users\pawan\AndroidStudioProjects\FSSCrm\.gradle\9.6.1\fileHashes)"        [_thread_blocked, id=2860, stack(0x00000064e6700000,0x00000064e6800000) (1024K)]
  0x0000016ff9c5fe10 JavaThread "Cache worker for Build Output Cleanup Cache (C:\Users\pawan\AndroidStudioProjects\FSSCrm\.gradle\buildOutputCleanup)"        [_thread_blocked, id=3988, stack(0x00000064e6800000,0x00000064e6900000) (1024K)]
  0x0000016ff9c5d6b0 JavaThread "Cache worker for checksums cache (C:\Users\pawan\AndroidStudioProjects\FSSCrm\.gradle\9.6.1\checksums)"        [_thread_blocked, id=23432, stack(0x00000064e6c00000,0x00000064e6d00000) (1024K)]
  0x0000016ff9c5f780 JavaThread "Cache worker for cache directory md-supplier (C:\Users\pawan\.gradle\caches\9.6.1\md-supplier)"        [_thread_blocked, id=23152, stack(0x00000064e6d00000,0x00000064e6e00000) (1024K)]
  0x0000016ff9c5dd40 JavaThread "Cache worker for cache directory md-rule (C:\Users\pawan\.gradle\caches\9.6.1\md-rule)"        [_thread_blocked, id=12484, stack(0x00000064e6e00000,0x00000064e6f00000) (1024K)]
  0x0000016fca517cf0 JavaThread "Build operations"                  [_thread_blocked, id=21820, stack(0x00000064e7100000,0x00000064e7200000) (1024K)]
  0x0000016fca51c520 JavaThread "Build operations Thread 2"         [_thread_blocked, id=19024, stack(0x00000064e7300000,0x00000064e7400000) (1024K)]
  0x0000016fca51cbb0 JavaThread "build event listener"              [_thread_blocked, id=24628, stack(0x00000064e7f00000,0x00000064e8000000) (1024K)]
  0x0000016fca51b800 JavaThread "build event listener"              [_thread_blocked, id=19796, stack(0x00000064e8100000,0x00000064e8200000) (1024K)]
  0x0000016fca519dc0 JavaThread "pool-45-thread-1"                  [_thread_blocked, id=23244, stack(0x00000064e8200000,0x00000064e8300000) (1024K)]
  0x0000016fca51f9a0 JavaThread "build event listener"              [_thread_blocked, id=2932, stack(0x00000064e8300000,0x00000064e8400000) (1024K)]
  0x0000016fca51df60 JavaThread "included builds"                   [_thread_blocked, id=12744, stack(0x00000064e8400000,0x00000064e8500000) (1024K)]
  0x0000016fca51ec80 JavaThread "Execution worker"                  [_thread_blocked, id=16404, stack(0x00000064e8500000,0x00000064e8600000) (1024K)]
  0x0000016fca51f310 JavaThread "Cache worker for execution history cache (C:\Users\pawan\AndroidStudioProjects\FSSCrm\.gradle\9.6.1\executionHistory)"        [_thread_blocked, id=23336, stack(0x00000064e8600000,0x00000064e8700000) (1024K)]
  0x0000016fca1bd810 JavaThread "WorkerExecutor Queue"              [_thread_in_native, id=23748, stack(0x00000064e8700000,0x00000064e8800000) (1024K)]
  0x0000016fca1bdea0 JavaThread "WorkerExecutor Queue Thread 2"        [_thread_blocked, id=17084, stack(0x00000064e8900000,0x00000064e8a00000) (1024K)]
  0x0000016fca1bb740 JavaThread "RMI RenewClean-[127.0.0.1:17023,org.jetbrains.kotlin.daemon.common.LoopbackNetworkInterface$ClientLoopbackSocketFactory@116c934]" daemon [_thread_blocked, id=25180, stack(0x00000064e8800000,0x00000064e8900000) (1024K)]
  0x0000016fca1bbdd0 JavaThread "RMI GC Daemon"              daemon [_thread_blocked, id=19964, stack(0x00000064e8b00000,0x00000064e8c00000) (1024K)]
  0x0000016fca1ba390 JavaThread "RMI Reaper"                        [_thread_blocked, id=20508, stack(0x00000064e8c00000,0x00000064e8d00000) (1024K)]
  0x0000016fca1c19b0 JavaThread "WorkerExecutor Queue Thread 3"        [_thread_blocked, id=15748, stack(0x00000064e8a00000,0x00000064e8b00000) (1024K)]
  0x0000016fca1bf8e0 JavaThread "ForkJoinPool-1-worker-1"    daemon [_thread_blocked, id=25664, stack(0x00000064e8d00000,0x00000064e8e00000) (1024K)]
  0x0000016fca1be530 JavaThread "ForkJoinPool-1-worker-2"    daemon [_thread_blocked, id=23100, stack(0x00000064e8e00000,0x00000064e8f00000) (1024K)]
  0x0000016fca1bff70 JavaThread "RMI TCP Connection(115)-127.0.0.1" daemon [_thread_in_native, id=15488, stack(0x00000064e9000000,0x00000064e9100000) (1024K)]
Total: 67

Other Threads:
=>0x0000016ff16e6e00 VMThread "VM Thread"                           [id=19072, stack(0x00000064e4e00000,0x00000064e4f00000) (1024K)]
  0x0000016ff16d5e10 WatcherThread "VM Periodic Task Thread"        [id=20164, stack(0x00000064e4d00000,0x00000064e4e00000) (1024K)]
  0x0000016fd2f25070 WorkerThread "GC Thread#0"                     [id=22160, stack(0x00000064e4800000,0x00000064e4900000) (1024K)]
  0x0000016ff19b19f0 WorkerThread "GC Thread#1"                     [id=16092, stack(0x00000064e5900000,0x00000064e5a00000) (1024K)]
  0x0000016fd2f36de0 ConcurrentGCThread "G1 Main Marker"            [id=6520, stack(0x00000064e4900000,0x00000064e4a00000) (1024K)]
  0x0000016fd2f37f90 WorkerThread "G1 Conc#0"                       [id=9536, stack(0x00000064e4a00000,0x00000064e4b00000) (1024K)]
  0x0000016fd2f76960 ConcurrentGCThread "G1 Refine#0"               [id=14004, stack(0x00000064e4b00000,0x00000064e4c00000) (1024K)]
  0x0000016fd2f773e0 ConcurrentGCThread "G1 Service"                [id=22272, stack(0x00000064e4c00000,0x00000064e4d00000) (1024K)]
Total: 8

Threads with active compile tasks:
Total: 0

VM state: at safepoint (normal execution)

VM Mutex/Monitor currently owned by a thread:  ([mutex/lock_event])
[0x00007fff93d5e308] Threads_lock - owner thread: 0x0000016ff16e6e00
[0x00007fff93d5e408] Heap_lock - owner thread: 0x0000016fca1be530

Heap address: 0x0000000700000000, size: 4096 MB, Compressed Oops mode: Zero based, Oop shift amount: 3

CDS archive(s) mapped at: [0x0000016f80000000-0x0000016f80c80000-0x0000016f80c80000), size 13107200, SharedBaseAddress: 0x0000016f80000000, ArchiveRelocationMode: 1.
Compressed class space mapped at: 0x0000016f81000000-0x0000016fc1000000, reserved size: 1073741824
Narrow klass base: 0x0000016f80000000, Narrow klass shift: 0, Narrow klass range: 0x100000000

GC Precious Log:
 CardTable entry size: 512
 Card Set container configuration: InlinePtr #cards 4 size 8 Array Of Cards #cards 16 size 48 Howl #buckets 8 coarsen threshold 3686 Howl Bitmap #cards 512 size 80 coarsen threshold 460 Card regions per heap region 1 cards per card region 4096
 CPUs: 2 total, 2 available
 Memory: 5965M
 Large Page Support: Disabled
 NUMA Support: Disabled
 Compressed Oops: Enabled (Zero based)
 Heap Region Size: 2M
 Heap Min Capacity: 8M
 Heap Initial Capacity: 94M
 Heap Max Capacity: 4G
 Pre-touch: Disabled
 Parallel Workers: 2
 Concurrent Workers: 1
 Concurrent Refinement Workers: 2
 Periodic GC: Disabled

Heap:
 garbage-first heap   total 1181696K, used 689074K [0x0000000700000000, 0x0000000800000000)
  region size 2048K, 4 young (8192K), 4 survivors (8192K)
 Metaspace       used 244175K, committed 246336K, reserved 1310720K
  class space    used 29102K, committed 30144K, reserved 1048576K

Heap Regions: E=young(eden), S=young(survivor), O=old, HS=humongous(starts), HC=humongous(continues), CS=collection set, F=free, TAMS=top-at-mark-start, PB=parsable bottom
|   0|0x0000000700000000, 0x0000000700200000, 0x0000000700200000|100%|HS|  |TAMS 0x0000000700000000| PB 0x0000000700000000| Complete 
|   1|0x0000000700200000, 0x0000000700400000, 0x0000000700400000|100%|HC|  |TAMS 0x0000000700200000| PB 0x0000000700200000| Complete 
|   2|0x0000000700400000, 0x0000000700600000, 0x0000000700600000|100%| O|  |TAMS 0x0000000700400000| PB 0x0000000700400000| Untracked 
|   3|0x0000000700600000, 0x0000000700800000, 0x0000000700800000|100%| O|  |TAMS 0x0000000700600000| PB 0x0000000700600000| Untracked 
|   4|0x0000000700800000, 0x0000000700a00000, 0x0000000700a00000|100%| O|  |TAMS 0x0000000700800000| PB 0x0000000700800000| Untracked 
|   5|0x0000000700a00000, 0x0000000700c00000, 0x0000000700c00000|100%| O|  |TAMS 0x0000000700a00000| PB 0x0000000700a00000| Untracked 
|   6|0x0000000700c00000, 0x0000000700e00000, 0x0000000700e00000|100%| O|  |TAMS 0x0000000700c00000| PB 0x0000000700c00000| Untracked 
|   7|0x0000000700e00000, 0x0000000700fffff0, 0x0000000701000000| 99%| O|  |TAMS 0x0000000700e00000| PB 0x0000000700e00000| Untracked 
|   8|0x0000000701000000, 0x00000007011ffff0, 0x0000000701200000| 99%| O|  |TAMS 0x0000000701000000| PB 0x0000000701000000| Untracked 
|   9|0x0000000701200000, 0x00000007013fffc8, 0x0000000701400000| 99%| O|  |TAMS 0x0000000701200000| PB 0x0000000701200000| Untracked 
|  10|0x0000000701400000, 0x00000007015ffff8, 0x0000000701600000| 99%| O|  |TAMS 0x0000000701400000| PB 0x0000000701400000| Untracked 
|  11|0x0000000701600000, 0x00000007017fffe0, 0x0000000701800000| 99%| O|  |TAMS 0x0000000701600000| PB 0x0000000701600000| Untracked 
|  12|0x0000000701800000, 0x0000000701a00000, 0x0000000701a00000|100%| O|  |TAMS 0x0000000701800000| PB 0x0000000701800000| Untracked 
|  13|0x0000000701a00000, 0x0000000701bffff0, 0x0000000701c00000| 99%| O|  |TAMS 0x0000000701a00000| PB 0x0000000701a00000| Untracked 
|  14|0x0000000701c00000, 0x0000000701dfffd8, 0x0000000701e00000| 99%| O|  |TAMS 0x0000000701c00000| PB 0x0000000701c00000| Untracked 
|  15|0x0000000701e00000, 0x0000000701ffffe8, 0x0000000702000000| 99%| O|  |TAMS 0x0000000701e00000| PB 0x0000000701e00000| Untracked 
|  16|0x0000000702000000, 0x00000007021ffff8, 0x0000000702200000| 99%| O|  |TAMS 0x0000000702000000| PB 0x0000000702000000| Untracked 
|  17|0x0000000702200000, 0x0000000702400000, 0x0000000702400000|100%|HS|  |TAMS 0x0000000702200000| PB 0x0000000702200000| Complete 
|  18|0x0000000702400000, 0x00000007025fffe8, 0x0000000702600000| 99%| O|  |TAMS 0x0000000702400000| PB 0x0000000702400000| Untracked 
|  19|0x0000000702600000, 0x00000007027ffff0, 0x0000000702800000| 99%| O|  |TAMS 0x0000000702600000| PB 0x0000000702600000| Untracked 
|  20|0x0000000702800000, 0x0000000702a00000, 0x0000000702a00000|100%| O|  |TAMS 0x0000000702800000| PB 0x0000000702800000| Untracked 
|  21|0x0000000702a00000, 0x0000000702bfab68, 0x0000000702c00000| 98%| O|  |TAMS 0x0000000702a00000| PB 0x0000000702a00000| Untracked 
|  22|0x0000000702c00000, 0x0000000702dffff0, 0x0000000702e00000| 99%| O|  |TAMS 0x0000000702c00000| PB 0x0000000702c00000| Untracked 
|  23|0x0000000702e00000, 0x0000000703000000, 0x0000000703000000|100%| O|  |TAMS 0x0000000702e00000| PB 0x0000000702e00000| Untracked 
|  24|0x0000000703000000, 0x00000007031ffff8, 0x0000000703200000| 99%| O|  |TAMS 0x0000000703000000| PB 0x0000000703000000| Untracked 
|  25|0x0000000703200000, 0x0000000703400000, 0x0000000703400000|100%|HS|  |TAMS 0x0000000703200000| PB 0x0000000703200000| Complete 
|  26|0x0000000703400000, 0x00000007035ffff0, 0x0000000703600000| 99%| O|  |TAMS 0x0000000703400000| PB 0x0000000703400000| Untracked 
|  27|0x0000000703600000, 0x0000000703800000, 0x0000000703800000|100%| O|  |TAMS 0x0000000703600000| PB 0x0000000703600000| Untracked 
|  28|0x0000000703800000, 0x00000007039fffc8, 0x0000000703a00000| 99%| O|  |TAMS 0x0000000703800000| PB 0x0000000703800000| Untracked 
|  29|0x0000000703a00000, 0x0000000703bfffe8, 0x0000000703c00000| 99%| O|  |TAMS 0x0000000703a00000| PB 0x0000000703a00000| Untracked 
|  30|0x0000000703c00000, 0x0000000703dfffd0, 0x0000000703e00000| 99%| O|  |TAMS 0x0000000703c00000| PB 0x0000000703c00000| Untracked 
|  31|0x0000000703e00000, 0x0000000703ff73c8, 0x0000000704000000| 98%| O|  |TAMS 0x0000000703e00000| PB 0x0000000703e00000| Untracked 
|  32|0x0000000704000000, 0x0000000704200000, 0x0000000704200000|100%| O|  |TAMS 0x0000000704000000| PB 0x0000000704000000| Untracked 
|  33|0x0000000704200000, 0x00000007043fffd8, 0x0000000704400000| 99%| O|  |TAMS 0x0000000704200000| PB 0x0000000704200000| Untracked 
|  34|0x0000000704400000, 0x00000007045fff60, 0x0000000704600000| 99%| O|  |TAMS 0x0000000704400000| PB 0x0000000704400000| Untracked 
|  35|0x0000000704600000, 0x00000007047ffff8, 0x0000000704800000| 99%| O|  |TAMS 0x0000000704600000| PB 0x0000000704600000| Untracked 
|  36|0x0000000704800000, 0x00000007049ffff0, 0x0000000704a00000| 99%| O|  |TAMS 0x0000000704800000| PB 0x0000000704800000| Untracked 
|  37|0x0000000704a00000, 0x0000000704bffff8, 0x0000000704c00000| 99%| O|  |TAMS 0x0000000704a00000| PB 0x0000000704a00000| Untracked 
|  38|0x0000000704c00000, 0x0000000704dff810, 0x0000000704e00000| 99%| O|  |TAMS 0x0000000704c00000| PB 0x0000000704c00000| Untracked 
|  39|0x0000000704e00000, 0x0000000704fffff0, 0x0000000705000000| 99%| O|  |TAMS 0x0000000704e00000| PB 0x0000000704e00000| Untracked 
|  40|0x0000000705000000, 0x00000007051fb6f8, 0x0000000705200000| 99%| O|  |TAMS 0x0000000705000000| PB 0x0000000705000000| Untracked 
|  41|0x0000000705200000, 0x00000007053ffff0, 0x0000000705400000| 99%| O|  |TAMS 0x0000000705200000| PB 0x0000000705200000| Untracked 
|  42|0x0000000705400000, 0x00000007055ffff8, 0x0000000705600000| 99%| O|  |TAMS 0x0000000705400000| PB 0x0000000705400000| Untracked 
|  43|0x0000000705600000, 0x00000007057ffff0, 0x0000000705800000| 99%| O|  |TAMS 0x0000000705600000| PB 0x0000000705600000| Untracked 
|  44|0x0000000705800000, 0x00000007059ffff0, 0x0000000705a00000| 99%| O|  |TAMS 0x0000000705800000| PB 0x0000000705800000| Untracked 
|  45|0x0000000705a00000, 0x0000000705bffff8, 0x0000000705c00000| 99%| O|  |TAMS 0x0000000705a00000| PB 0x0000000705a00000| Untracked 
|  46|0x0000000705c00000, 0x0000000705e00000, 0x0000000705e00000|100%| O|  |TAMS 0x0000000705c00000| PB 0x0000000705c00000| Untracked 
|  47|0x0000000705e00000, 0x0000000705fffff0, 0x0000000706000000| 99%| O|  |TAMS 0x0000000705e00000| PB 0x0000000705e00000| Untracked 
|  48|0x0000000706000000, 0x0000000706200000, 0x0000000706200000|100%| O|  |TAMS 0x0000000706000000| PB 0x0000000706000000| Untracked 
|  49|0x0000000706200000, 0x00000007063fffe8, 0x0000000706400000| 99%| O|  |TAMS 0x0000000706200000| PB 0x0000000706200000| Untracked 
|  50|0x0000000706400000, 0x00000007065ffff8, 0x0000000706600000| 99%| O|  |TAMS 0x0000000706400000| PB 0x0000000706400000| Untracked 
|  51|0x0000000706600000, 0x0000000706800000, 0x0000000706800000|100%| O|  |TAMS 0x0000000706600000| PB 0x0000000706600000| Untracked 
|  52|0x0000000706800000, 0x0000000706a00000, 0x0000000706a00000|100%| O|  |TAMS 0x0000000706800000| PB 0x0000000706800000| Untracked 
|  53|0x0000000706a00000, 0x0000000706c00000, 0x0000000706c00000|100%| O|  |TAMS 0x0000000706a00000| PB 0x0000000706a00000| Untracked 
|  54|0x0000000706c00000, 0x0000000706e00000, 0x0000000706e00000|100%| O|  |TAMS 0x0000000706c00000| PB 0x0000000706c00000| Untracked 
|  55|0x0000000706e00000, 0x0000000707000000, 0x0000000707000000|100%| O|  |TAMS 0x0000000706e00000| PB 0x0000000706e00000| Untracked 
|  56|0x0000000707000000, 0x0000000707200000, 0x0000000707200000|100%| O|  |TAMS 0x0000000707000000| PB 0x0000000707000000| Untracked 
|  57|0x0000000707200000, 0x0000000707400000, 0x0000000707400000|100%| O|  |TAMS 0x0000000707200000| PB 0x0000000707200000| Untracked 
|  58|0x0000000707400000, 0x0000000707600000, 0x0000000707600000|100%| O|  |TAMS 0x0000000707400000| PB 0x0000000707400000| Untracked 
|  59|0x0000000707600000, 0x0000000707800000, 0x0000000707800000|100%| O|Cm|TAMS 0x0000000707600000| PB 0x0000000707600000| Complete 
|  60|0x0000000707800000, 0x0000000707a00000, 0x0000000707a00000|100%| O|  |TAMS 0x0000000707800000| PB 0x0000000707800000| Untracked 
|  61|0x0000000707a00000, 0x0000000707c00000, 0x0000000707c00000|100%| O|  |TAMS 0x0000000707a00000| PB 0x0000000707a00000| Untracked 
|  62|0x0000000707c00000, 0x0000000707e00000, 0x0000000707e00000|100%| O|  |TAMS 0x0000000707c00000| PB 0x0000000707c00000| Untracked 
|  63|0x0000000707e00000, 0x0000000708000000, 0x0000000708000000|100%| O|  |TAMS 0x0000000707e00000| PB 0x0000000707e00000| Untracked 
|  64|0x0000000708000000, 0x0000000708200000, 0x0000000708200000|100%| O|  |TAMS 0x0000000708000000| PB 0x0000000708000000| Untracked 
|  65|0x0000000708200000, 0x0000000708400000, 0x0000000708400000|100%| O|  |TAMS 0x0000000708200000| PB 0x0000000708200000| Untracked 
|  66|0x0000000708400000, 0x0000000708600000, 0x0000000708600000|100%| O|  |TAMS 0x0000000708400000| PB 0x0000000708400000| Untracked 
|  67|0x0000000708600000, 0x0000000708800000, 0x0000000708800000|100%| O|  |TAMS 0x0000000708600000| PB 0x0000000708600000| Untracked 
|  68|0x0000000708800000, 0x0000000708a00000, 0x0000000708a00000|100%| O|Cm|TAMS 0x0000000708800000| PB 0x0000000708800000| Complete 
|  69|0x0000000708a00000, 0x0000000708c00000, 0x0000000708c00000|100%| O|  |TAMS 0x0000000708a00000| PB 0x0000000708a00000| Untracked 
|  70|0x0000000708c00000, 0x0000000708e00000, 0x0000000708e00000|100%| O|  |TAMS 0x0000000708c00000| PB 0x0000000708c00000| Untracked 
|  71|0x0000000708e00000, 0x0000000709000000, 0x0000000709000000|100%| O|  |TAMS 0x0000000708e00000| PB 0x0000000708e00000| Untracked 
|  72|0x0000000709000000, 0x0000000709200000, 0x0000000709200000|100%| O|  |TAMS 0x0000000709000000| PB 0x0000000709000000| Untracked 
|  73|0x0000000709200000, 0x0000000709400000, 0x0000000709400000|100%| O|  |TAMS 0x0000000709200000| PB 0x0000000709200000| Untracked 
|  74|0x0000000709400000, 0x0000000709600000, 0x0000000709600000|100%|HS|  |TAMS 0x0000000709400000| PB 0x0000000709400000| Complete 
|  75|0x0000000709600000, 0x0000000709800000, 0x0000000709800000|100%| O|  |TAMS 0x0000000709600000| PB 0x0000000709600000| Untracked 
|  76|0x0000000709800000, 0x0000000709a00000, 0x0000000709a00000|100%| O|  |TAMS 0x0000000709800000| PB 0x0000000709800000| Untracked 
|  77|0x0000000709a00000, 0x0000000709c00000, 0x0000000709c00000|100%| O|  |TAMS 0x0000000709a00000| PB 0x0000000709a00000| Untracked 
|  78|0x0000000709c00000, 0x0000000709e00000, 0x0000000709e00000|100%| O|  |TAMS 0x0000000709c00000| PB 0x0000000709c00000| Untracked 
|  79|0x0000000709e00000, 0x000000070a000000, 0x000000070a000000|100%| O|  |TAMS 0x0000000709e00000| PB 0x0000000709e00000| Untracked 
|  80|0x000000070a000000, 0x000000070a200000, 0x000000070a200000|100%|HS|  |TAMS 0x000000070a000000| PB 0x000000070a000000| Complete 
|  81|0x000000070a200000, 0x000000070a400000, 0x000000070a400000|100%|HC|  |TAMS 0x000000070a200000| PB 0x000000070a200000| Complete 
|  82|0x000000070a400000, 0x000000070a600000, 0x000000070a600000|100%| O|  |TAMS 0x000000070a400000| PB 0x000000070a400000| Untracked 
|  83|0x000000070a600000, 0x000000070a800000, 0x000000070a800000|100%| O|  |TAMS 0x000000070a600000| PB 0x000000070a600000| Untracked 
|  84|0x000000070a800000, 0x000000070aa00000, 0x000000070aa00000|100%| O|  |TAMS 0x000000070a800000| PB 0x000000070a800000| Untracked 
|  85|0x000000070aa00000, 0x000000070ac00000, 0x000000070ac00000|100%| O|  |TAMS 0x000000070aa00000| PB 0x000000070aa00000| Untracked 
|  86|0x000000070ac00000, 0x000000070ae00000, 0x000000070ae00000|100%| O|  |TAMS 0x000000070ac00000| PB 0x000000070ac00000| Untracked 
|  87|0x000000070ae00000, 0x000000070b000000, 0x000000070b000000|100%| O|  |TAMS 0x000000070ae00000| PB 0x000000070ae00000| Untracked 
|  88|0x000000070b000000, 0x000000070b200000, 0x000000070b200000|100%| O|  |TAMS 0x000000070b000000| PB 0x000000070b000000| Untracked 
|  89|0x000000070b200000, 0x000000070b400000, 0x000000070b400000|100%| O|  |TAMS 0x000000070b200000| PB 0x000000070b200000| Untracked 
|  90|0x000000070b400000, 0x000000070b600000, 0x000000070b600000|100%| O|  |TAMS 0x000000070b400000| PB 0x000000070b400000| Untracked 
|  91|0x000000070b600000, 0x000000070b800000, 0x000000070b800000|100%| O|  |TAMS 0x000000070b600000| PB 0x000000070b600000| Untracked 
|  92|0x000000070b800000, 0x000000070ba00000, 0x000000070ba00000|100%| O|  |TAMS 0x000000070b800000| PB 0x000000070b800000| Untracked 
|  93|0x000000070ba00000, 0x000000070bc00000, 0x000000070bc00000|100%| O|  |TAMS 0x000000070ba00000| PB 0x000000070ba00000| Untracked 
|  94|0x000000070bc00000, 0x000000070be00000, 0x000000070be00000|100%| O|  |TAMS 0x000000070bc00000| PB 0x000000070bc00000| Untracked 
|  95|0x000000070be00000, 0x000000070c000000, 0x000000070c000000|100%| O|  |TAMS 0x000000070be00000| PB 0x000000070be00000| Untracked 
|  96|0x000000070c000000, 0x000000070c200000, 0x000000070c200000|100%| O|  |TAMS 0x000000070c000000| PB 0x000000070c000000| Untracked 
|  97|0x000000070c200000, 0x000000070c400000, 0x000000070c400000|100%|HS|  |TAMS 0x000000070c200000| PB 0x000000070c200000| Complete 
|  98|0x000000070c400000, 0x000000070c600000, 0x000000070c600000|100%|HC|  |TAMS 0x000000070c400000| PB 0x000000070c400000| Complete 
|  99|0x000000070c600000, 0x000000070c800000, 0x000000070c800000|100%|HC|  |TAMS 0x000000070c600000| PB 0x000000070c600000| Complete 
| 100|0x000000070c800000, 0x000000070ca00000, 0x000000070ca00000|100%|HS|  |TAMS 0x000000070c800000| PB 0x000000070c800000| Complete 
| 101|0x000000070ca00000, 0x000000070cc00000, 0x000000070cc00000|100%|HC|  |TAMS 0x000000070ca00000| PB 0x000000070ca00000| Complete 
| 102|0x000000070cc00000, 0x000000070ce00000, 0x000000070ce00000|100%|HC|  |TAMS 0x000000070cc00000| PB 0x000000070cc00000| Complete 
| 103|0x000000070ce00000, 0x000000070d000000, 0x000000070d000000|100%| O|  |TAMS 0x000000070ce00000| PB 0x000000070ce00000| Untracked 
| 104|0x000000070d000000, 0x000000070d200000, 0x000000070d200000|100%| O|  |TAMS 0x000000070d000000| PB 0x000000070d000000| Untracked 
| 105|0x000000070d200000, 0x000000070d400000, 0x000000070d400000|100%| O|  |TAMS 0x000000070d200000| PB 0x000000070d200000| Untracked 
| 106|0x000000070d400000, 0x000000070d600000, 0x000000070d600000|100%| O|  |TAMS 0x000000070d400000| PB 0x000000070d400000| Untracked 
| 107|0x000000070d600000, 0x000000070d800000, 0x000000070d800000|100%| O|  |TAMS 0x000000070d600000| PB 0x000000070d600000| Untracked 
| 108|0x000000070d800000, 0x000000070da00000, 0x000000070da00000|100%| O|  |TAMS 0x000000070d800000| PB 0x000000070d800000| Untracked 
| 109|0x000000070da00000, 0x000000070dc00000, 0x000000070dc00000|100%| O|Cm|TAMS 0x000000070da00000| PB 0x000000070da00000| Complete 
| 110|0x000000070dc00000, 0x000000070de00000, 0x000000070de00000|100%| O|  |TAMS 0x000000070dc00000| PB 0x000000070dc00000| Untracked 
| 111|0x000000070de00000, 0x000000070e000000, 0x000000070e000000|100%| O|Cm|TAMS 0x000000070de00000| PB 0x000000070de00000| Complete 
| 112|0x000000070e000000, 0x000000070e200000, 0x000000070e200000|100%| O|  |TAMS 0x000000070e000000| PB 0x000000070e000000| Untracked 
| 113|0x000000070e200000, 0x000000070e400000, 0x000000070e400000|100%|HS|  |TAMS 0x000000070e200000| PB 0x000000070e200000| Complete 
| 114|0x000000070e400000, 0x000000070e600000, 0x000000070e600000|100%| O|  |TAMS 0x000000070e400000| PB 0x000000070e400000| Untracked 
| 115|0x000000070e600000, 0x000000070e600000, 0x000000070e800000|  0%| F|  |TAMS 0x000000070e600000| PB 0x000000070e600000| Untracked 
| 116|0x000000070e800000, 0x000000070ea00000, 0x000000070ea00000|100%| O|  |TAMS 0x000000070e800000| PB 0x000000070e800000| Untracked 
| 117|0x000000070ea00000, 0x000000070ec00000, 0x000000070ec00000|100%| O|  |TAMS 0x000000070ea00000| PB 0x000000070ea00000| Untracked 
| 118|0x000000070ec00000, 0x000000070ee00000, 0x000000070ee00000|100%| O|  |TAMS 0x000000070ec00000| PB 0x000000070ec00000| Untracked 
| 119|0x000000070ee00000, 0x000000070f000000, 0x000000070f000000|100%| O|  |TAMS 0x000000070ee00000| PB 0x000000070ee00000| Untracked 
| 120|0x000000070f000000, 0x000000070f200000, 0x000000070f200000|100%| O|  |TAMS 0x000000070f000000| PB 0x000000070f000000| Untracked 
| 121|0x000000070f200000, 0x000000070f400000, 0x000000070f400000|100%| O|  |TAMS 0x000000070f200000| PB 0x000000070f200000| Untracked 
| 122|0x000000070f400000, 0x000000070f600000, 0x000000070f600000|100%| O|  |TAMS 0x000000070f400000| PB 0x000000070f400000| Untracked 
| 123|0x000000070f600000, 0x000000070f800000, 0x000000070f800000|100%| O|  |TAMS 0x000000070f600000| PB 0x000000070f600000| Untracked 
| 124|0x000000070f800000, 0x000000070fa00000, 0x000000070fa00000|100%| O|  |TAMS 0x000000070f800000| PB 0x000000070f800000| Untracked 
| 125|0x000000070fa00000, 0x000000070fc00000, 0x000000070fc00000|100%| O|  |TAMS 0x000000070fa00000| PB 0x000000070fa00000| Untracked 
| 126|0x000000070fc00000, 0x000000070fe00000, 0x000000070fe00000|100%| O|  |TAMS 0x000000070fc00000| PB 0x000000070fc00000| Untracked 
| 127|0x000000070fe00000, 0x0000000710000000, 0x0000000710000000|100%| O|  |TAMS 0x000000070fe00000| PB 0x000000070fe00000| Untracked 
| 128|0x0000000710000000, 0x0000000710200000, 0x0000000710200000|100%| O|  |TAMS 0x0000000710000000| PB 0x0000000710000000| Untracked 
| 129|0x0000000710200000, 0x0000000710400000, 0x0000000710400000|100%| O|  |TAMS 0x0000000710200000| PB 0x0000000710200000| Untracked 
| 130|0x0000000710400000, 0x0000000710600000, 0x0000000710600000|100%| O|  |TAMS 0x0000000710400000| PB 0x0000000710400000| Untracked 
| 131|0x0000000710600000, 0x0000000710800000, 0x0000000710800000|100%| O|  |TAMS 0x0000000710600000| PB 0x0000000710600000| Untracked 
| 132|0x0000000710800000, 0x0000000710a00000, 0x0000000710a00000|100%| O|  |TAMS 0x0000000710800000| PB 0x0000000710800000| Untracked 
| 133|0x0000000710a00000, 0x0000000710c00000, 0x0000000710c00000|100%| O|  |TAMS 0x0000000710a00000| PB 0x0000000710a00000| Untracked 
| 134|0x0000000710c00000, 0x0000000710e00000, 0x0000000710e00000|100%| O|  |TAMS 0x0000000710c00000| PB 0x0000000710c00000| Untracked 
| 135|0x0000000710e00000, 0x0000000711000000, 0x0000000711000000|100%| O|Cm|TAMS 0x0000000710e00000| PB 0x0000000710e00000| Complete 
| 136|0x0000000711000000, 0x0000000711200000, 0x0000000711200000|100%|HS|  |TAMS 0x0000000711000000| PB 0x0000000711000000| Complete 
| 137|0x0000000711200000, 0x0000000711400000, 0x0000000711400000|100%| O|  |TAMS 0x0000000711200000| PB 0x0000000711200000| Untracked 
| 138|0x0000000711400000, 0x0000000711600000, 0x0000000711600000|100%|HS|  |TAMS 0x0000000711400000| PB 0x0000000711400000| Complete 
| 139|0x0000000711600000, 0x0000000711800000, 0x0000000711800000|100%| O|  |TAMS 0x0000000711600000| PB 0x0000000711600000| Untracked 
| 140|0x0000000711800000, 0x0000000711a00000, 0x0000000711a00000|100%| O|  |TAMS 0x0000000711800000| PB 0x0000000711800000| Untracked 
| 141|0x0000000711a00000, 0x0000000711c00000, 0x0000000711c00000|100%| O|  |TAMS 0x0000000711a00000| PB 0x0000000711a00000| Untracked 
| 142|0x0000000711c00000, 0x0000000711e00000, 0x0000000711e00000|100%| O|  |TAMS 0x0000000711c00000| PB 0x0000000711c00000| Untracked 
| 143|0x0000000711e00000, 0x0000000712000000, 0x0000000712000000|100%| O|  |TAMS 0x0000000711e00000| PB 0x0000000711e00000| Untracked 
| 144|0x0000000712000000, 0x0000000712200000, 0x0000000712200000|100%| O|  |TAMS 0x0000000712000000| PB 0x0000000712000000| Untracked 
| 145|0x0000000712200000, 0x0000000712400000, 0x0000000712400000|100%|HS|  |TAMS 0x0000000712200000| PB 0x0000000712200000| Complete 
| 146|0x0000000712400000, 0x0000000712600000, 0x0000000712600000|100%|HC|  |TAMS 0x0000000712400000| PB 0x0000000712400000| Complete 
| 147|0x0000000712600000, 0x0000000712800000, 0x0000000712800000|100%|HC|  |TAMS 0x0000000712600000| PB 0x0000000712600000| Complete 
| 148|0x0000000712800000, 0x0000000712a00000, 0x0000000712a00000|100%|HS|  |TAMS 0x0000000712800000| PB 0x0000000712800000| Complete 
| 149|0x0000000712a00000, 0x0000000712c00000, 0x0000000712c00000|100%|HC|  |TAMS 0x0000000712a00000| PB 0x0000000712a00000| Complete 
| 150|0x0000000712c00000, 0x0000000712e00000, 0x0000000712e00000|100%|HC|  |TAMS 0x0000000712c00000| PB 0x0000000712c00000| Complete 
| 151|0x0000000712e00000, 0x0000000713000000, 0x0000000713000000|100%|HS|  |TAMS 0x0000000712e00000| PB 0x0000000712e00000| Complete 
| 152|0x0000000713000000, 0x0000000713200000, 0x0000000713200000|100%|HC|  |TAMS 0x0000000713000000| PB 0x0000000713000000| Complete 
| 153|0x0000000713200000, 0x0000000713400000, 0x0000000713400000|100%|HS|  |TAMS 0x0000000713200000| PB 0x0000000713200000| Complete 
| 154|0x0000000713400000, 0x0000000713600000, 0x0000000713600000|100%|HC|  |TAMS 0x0000000713400000| PB 0x0000000713400000| Complete 
| 155|0x0000000713600000, 0x0000000713800000, 0x0000000713800000|100%|HC|  |TAMS 0x0000000713600000| PB 0x0000000713600000| Complete 
| 156|0x0000000713800000, 0x0000000713a00000, 0x0000000713a00000|100%|HC|  |TAMS 0x0000000713800000| PB 0x0000000713800000| Complete 
| 157|0x0000000713a00000, 0x0000000713c00000, 0x0000000713c00000|100%|HC|  |TAMS 0x0000000713a00000| PB 0x0000000713a00000| Complete 
| 158|0x0000000713c00000, 0x0000000713e00000, 0x0000000713e00000|100%|HC|  |TAMS 0x0000000713c00000| PB 0x0000000713c00000| Complete 
| 159|0x0000000713e00000, 0x0000000714000000, 0x0000000714000000|100%|HC|  |TAMS 0x0000000713e00000| PB 0x0000000713e00000| Complete 
| 160|0x0000000714000000, 0x0000000714200000, 0x0000000714200000|100%|HC|  |TAMS 0x0000000714000000| PB 0x0000000714000000| Complete 
| 161|0x0000000714200000, 0x0000000714400000, 0x0000000714400000|100%|HC|  |TAMS 0x0000000714200000| PB 0x0000000714200000| Complete 
| 162|0x0000000714400000, 0x0000000714600000, 0x0000000714600000|100%|HC|  |TAMS 0x0000000714400000| PB 0x0000000714400000| Complete 
| 163|0x0000000714600000, 0x0000000714800000, 0x0000000714800000|100%|HC|  |TAMS 0x0000000714600000| PB 0x0000000714600000| Complete 
| 164|0x0000000714800000, 0x0000000714a00000, 0x0000000714a00000|100%|HC|  |TAMS 0x0000000714800000| PB 0x0000000714800000| Complete 
| 165|0x0000000714a00000, 0x0000000714c00000, 0x0000000714c00000|100%|HC|  |TAMS 0x0000000714a00000| PB 0x0000000714a00000| Complete 
| 166|0x0000000714c00000, 0x0000000714e00000, 0x0000000714e00000|100%|HC|  |TAMS 0x0000000714c00000| PB 0x0000000714c00000| Complete 
| 167|0x0000000714e00000, 0x0000000715000000, 0x0000000715000000|100%|HC|  |TAMS 0x0000000714e00000| PB 0x0000000714e00000| Complete 
| 168|0x0000000715000000, 0x0000000715200000, 0x0000000715200000|100%|HS|  |TAMS 0x0000000715000000| PB 0x0000000715000000| Complete 
| 169|0x0000000715200000, 0x0000000715400000, 0x0000000715400000|100%|HC|  |TAMS 0x0000000715200000| PB 0x0000000715200000| Complete 
| 170|0x0000000715400000, 0x0000000715600000, 0x0000000715600000|100%|HS|  |TAMS 0x0000000715400000| PB 0x0000000715400000| Complete 
| 171|0x0000000715600000, 0x0000000715800000, 0x0000000715800000|100%|HC|  |TAMS 0x0000000715600000| PB 0x0000000715600000| Complete 
| 172|0x0000000715800000, 0x0000000715a00000, 0x0000000715a00000|100%| O|  |TAMS 0x0000000715800000| PB 0x0000000715800000| Untracked 
| 173|0x0000000715a00000, 0x0000000715c00000, 0x0000000715c00000|100%| O|  |TAMS 0x0000000715a00000| PB 0x0000000715a00000| Untracked 
| 174|0x0000000715c00000, 0x0000000715e00000, 0x0000000715e00000|100%| O|  |TAMS 0x0000000715c00000| PB 0x0000000715c00000| Untracked 
| 175|0x0000000715e00000, 0x0000000716000000, 0x0000000716000000|100%| O|  |TAMS 0x0000000715e00000| PB 0x0000000715e00000| Untracked 
| 176|0x0000000716000000, 0x0000000716200000, 0x0000000716200000|100%| O|Cm|TAMS 0x0000000716000000| PB 0x0000000716000000| Complete 
| 177|0x0000000716200000, 0x0000000716400000, 0x0000000716400000|100%| O|Cm|TAMS 0x0000000716200000| PB 0x0000000716200000| Complete 
| 178|0x0000000716400000, 0x0000000716600000, 0x0000000716600000|100%| O|  |TAMS 0x0000000716400000| PB 0x0000000716400000| Untracked 
| 179|0x0000000716600000, 0x0000000716800000, 0x0000000716800000|100%| O|  |TAMS 0x0000000716600000| PB 0x0000000716600000| Untracked 
| 180|0x0000000716800000, 0x0000000716a00000, 0x0000000716a00000|100%| O|  |TAMS 0x0000000716800000| PB 0x0000000716800000| Untracked 
| 181|0x0000000716a00000, 0x0000000716c00000, 0x0000000716c00000|100%| O|  |TAMS 0x0000000716a00000| PB 0x0000000716a00000| Untracked 
| 182|0x0000000716c00000, 0x0000000716e00000, 0x0000000716e00000|100%| O|  |TAMS 0x0000000716c00000| PB 0x0000000716c00000| Untracked 
| 183|0x0000000716e00000, 0x0000000717000000, 0x0000000717000000|100%|HS|  |TAMS 0x0000000716e00000| PB 0x0000000716e00000| Complete 
| 184|0x0000000717000000, 0x0000000717200000, 0x0000000717200000|100%|HC|  |TAMS 0x0000000717000000| PB 0x0000000717000000| Complete 
| 185|0x0000000717200000, 0x0000000717400000, 0x0000000717400000|100%|HC|  |TAMS 0x0000000717200000| PB 0x0000000717200000| Complete 
| 186|0x0000000717400000, 0x0000000717600000, 0x0000000717600000|100%| O|  |TAMS 0x0000000717400000| PB 0x0000000717400000| Untracked 
| 187|0x0000000717600000, 0x0000000717800000, 0x0000000717800000|100%| O|  |TAMS 0x0000000717600000| PB 0x0000000717600000| Untracked 
| 188|0x0000000717800000, 0x0000000717a00000, 0x0000000717a00000|100%| O|  |TAMS 0x0000000717800000| PB 0x0000000717800000| Untracked 
| 189|0x0000000717a00000, 0x0000000717c00000, 0x0000000717c00000|100%| O|  |TAMS 0x0000000717a00000| PB 0x0000000717a00000| Untracked 
| 190|0x0000000717c00000, 0x0000000717e00000, 0x0000000717e00000|100%| O|  |TAMS 0x0000000717c00000| PB 0x0000000717c00000| Untracked 
| 191|0x0000000717e00000, 0x0000000718000000, 0x0000000718000000|100%|HS|  |TAMS 0x0000000717e00000| PB 0x0000000717e00000| Complete 
| 192|0x0000000718000000, 0x0000000718200000, 0x0000000718200000|100%|HC|  |TAMS 0x0000000718000000| PB 0x0000000718000000| Complete 
| 193|0x0000000718200000, 0x0000000718400000, 0x0000000718400000|100%|HC|  |TAMS 0x0000000718200000| PB 0x0000000718200000| Complete 
| 194|0x0000000718400000, 0x0000000718600000, 0x0000000718600000|100%| O|  |TAMS 0x0000000718400000| PB 0x0000000718400000| Untracked 
| 195|0x0000000718600000, 0x0000000718800000, 0x0000000718800000|100%| O|  |TAMS 0x0000000718600000| PB 0x0000000718600000| Untracked 
| 196|0x0000000718800000, 0x0000000718a00000, 0x0000000718a00000|100%| O|  |TAMS 0x0000000718800000| PB 0x0000000718800000| Untracked 
| 197|0x0000000718a00000, 0x0000000718c00000, 0x0000000718c00000|100%|HS|  |TAMS 0x0000000718a00000| PB 0x0000000718a00000| Complete 
| 198|0x0000000718c00000, 0x0000000718e00000, 0x0000000718e00000|100%|HC|  |TAMS 0x0000000718c00000| PB 0x0000000718c00000| Complete 
| 199|0x0000000718e00000, 0x0000000719000000, 0x0000000719000000|100%| O|  |TAMS 0x0000000718e00000| PB 0x0000000718e00000| Untracked 
| 200|0x0000000719000000, 0x0000000719200000, 0x0000000719200000|100%|HS|  |TAMS 0x0000000719000000| PB 0x0000000719000000| Complete 
| 201|0x0000000719200000, 0x0000000719400000, 0x0000000719400000|100%| O|  |TAMS 0x0000000719200000| PB 0x0000000719200000| Untracked 
| 202|0x0000000719400000, 0x0000000719600000, 0x0000000719600000|100%|HS|  |TAMS 0x0000000719400000| PB 0x0000000719400000| Complete 
| 203|0x0000000719600000, 0x0000000719800000, 0x0000000719800000|100%| O|  |TAMS 0x0000000719600000| PB 0x0000000719600000| Untracked 
| 204|0x0000000719800000, 0x0000000719a00000, 0x0000000719a00000|100%|HS|  |TAMS 0x0000000719800000| PB 0x0000000719800000| Complete 
| 205|0x0000000719a00000, 0x0000000719c00000, 0x0000000719c00000|100%| O|  |TAMS 0x0000000719a00000| PB 0x0000000719a00000| Untracked 
| 206|0x0000000719c00000, 0x0000000719e00000, 0x0000000719e00000|100%| O|  |TAMS 0x0000000719c00000| PB 0x0000000719c00000| Untracked 
| 207|0x0000000719e00000, 0x000000071a000000, 0x000000071a000000|100%| O|  |TAMS 0x0000000719e00000| PB 0x0000000719e00000| Untracked 
| 208|0x000000071a000000, 0x000000071a200000, 0x000000071a200000|100%| O|  |TAMS 0x000000071a000000| PB 0x000000071a000000| Untracked 
| 209|0x000000071a200000, 0x000000071a400000, 0x000000071a400000|100%| O|  |TAMS 0x000000071a200000| PB 0x000000071a200000| Untracked 
| 210|0x000000071a400000, 0x000000071a600000, 0x000000071a600000|100%| O|  |TAMS 0x000000071a400000| PB 0x000000071a400000| Untracked 
| 211|0x000000071a600000, 0x000000071a800000, 0x000000071a800000|100%| O|  |TAMS 0x000000071a600000| PB 0x000000071a600000| Untracked 
| 212|0x000000071a800000, 0x000000071aa00000, 0x000000071aa00000|100%| O|  |TAMS 0x000000071a800000| PB 0x000000071a800000| Untracked 
| 213|0x000000071aa00000, 0x000000071ac00000, 0x000000071ac00000|100%| O|  |TAMS 0x000000071aa00000| PB 0x000000071aa00000| Untracked 
| 214|0x000000071ac00000, 0x000000071ae00000, 0x000000071ae00000|100%| O|  |TAMS 0x000000071ac00000| PB 0x000000071ac00000| Untracked 
| 215|0x000000071ae00000, 0x000000071b000000, 0x000000071b000000|100%| O|  |TAMS 0x000000071ae00000| PB 0x000000071ae00000| Untracked 
| 216|0x000000071b000000, 0x000000071b200000, 0x000000071b200000|100%| O|  |TAMS 0x000000071b000000| PB 0x000000071b000000| Untracked 
| 217|0x000000071b200000, 0x000000071b400000, 0x000000071b400000|100%| O|  |TAMS 0x000000071b200000| PB 0x000000071b200000| Untracked 
| 218|0x000000071b400000, 0x000000071b600000, 0x000000071b600000|100%| O|  |TAMS 0x000000071b400000| PB 0x000000071b400000| Untracked 
| 219|0x000000071b600000, 0x000000071b800000, 0x000000071b800000|100%| O|  |TAMS 0x000000071b600000| PB 0x000000071b600000| Untracked 
| 220|0x000000071b800000, 0x000000071ba00000, 0x000000071ba00000|100%| O|  |TAMS 0x000000071b800000| PB 0x000000071b800000| Untracked 
| 221|0x000000071ba00000, 0x000000071bc00000, 0x000000071bc00000|100%| O|  |TAMS 0x000000071ba00000| PB 0x000000071ba00000| Untracked 
| 222|0x000000071bc00000, 0x000000071be00000, 0x000000071be00000|100%| O|  |TAMS 0x000000071bc00000| PB 0x000000071bc00000| Untracked 
| 223|0x000000071be00000, 0x000000071c000000, 0x000000071c000000|100%| O|  |TAMS 0x000000071be00000| PB 0x000000071be00000| Untracked 
| 224|0x000000071c000000, 0x000000071c200000, 0x000000071c200000|100%| O|  |TAMS 0x000000071c000000| PB 0x000000071c000000| Untracked 
| 225|0x000000071c200000, 0x000000071c400000, 0x000000071c400000|100%|HS|  |TAMS 0x000000071c200000| PB 0x000000071c200000| Complete 
| 226|0x000000071c400000, 0x000000071c600000, 0x000000071c600000|100%|HC|  |TAMS 0x000000071c400000| PB 0x000000071c400000| Complete 
| 227|0x000000071c600000, 0x000000071c800000, 0x000000071c800000|100%|HC|  |TAMS 0x000000071c600000| PB 0x000000071c600000| Complete 
| 228|0x000000071c800000, 0x000000071ca00000, 0x000000071ca00000|100%|HC|  |TAMS 0x000000071c800000| PB 0x000000071c800000| Complete 
| 229|0x000000071ca00000, 0x000000071cc00000, 0x000000071cc00000|100%|HC|  |TAMS 0x000000071ca00000| PB 0x000000071ca00000| Complete 
| 230|0x000000071cc00000, 0x000000071ce00000, 0x000000071ce00000|100%|HC|  |TAMS 0x000000071cc00000| PB 0x000000071cc00000| Complete 
| 231|0x000000071ce00000, 0x000000071d000000, 0x000000071d000000|100%|HC|  |TAMS 0x000000071ce00000| PB 0x000000071ce00000| Complete 
| 232|0x000000071d000000, 0x000000071d200000, 0x000000071d200000|100%|HC|  |TAMS 0x000000071d000000| PB 0x000000071d000000| Complete 
| 233|0x000000071d200000, 0x000000071d400000, 0x000000071d400000|100%|HC|  |TAMS 0x000000071d200000| PB 0x000000071d200000| Complete 
| 234|0x000000071d400000, 0x000000071d600000, 0x000000071d600000|100%|HC|  |TAMS 0x000000071d400000| PB 0x000000071d400000| Complete 
| 235|0x000000071d600000, 0x000000071d800000, 0x000000071d800000|100%|HC|  |TAMS 0x000000071d600000| PB 0x000000071d600000| Complete 
| 236|0x000000071d800000, 0x000000071da00000, 0x000000071da00000|100%|HC|  |TAMS 0x000000071d800000| PB 0x000000071d800000| Complete 
| 237|0x000000071da00000, 0x000000071dc00000, 0x000000071dc00000|100%|HC|  |TAMS 0x000000071da00000| PB 0x000000071da00000| Complete 
| 238|0x000000071dc00000, 0x000000071de00000, 0x000000071de00000|100%|HC|  |TAMS 0x000000071dc00000| PB 0x000000071dc00000| Complete 
| 239|0x000000071de00000, 0x000000071e000000, 0x000000071e000000|100%|HC|  |TAMS 0x000000071de00000| PB 0x000000071de00000| Complete 
| 240|0x000000071e000000, 0x000000071e200000, 0x000000071e200000|100%| O|  |TAMS 0x000000071e000000| PB 0x000000071e000000| Untracked 
| 241|0x000000071e200000, 0x000000071e400000, 0x000000071e400000|100%| O|  |TAMS 0x000000071e200000| PB 0x000000071e200000| Untracked 
| 242|0x000000071e400000, 0x000000071e600000, 0x000000071e600000|100%| O|  |TAMS 0x000000071e400000| PB 0x000000071e400000| Untracked 
| 243|0x000000071e600000, 0x000000071e800000, 0x000000071e800000|100%|HS|  |TAMS 0x000000071e600000| PB 0x000000071e600000| Complete 
| 244|0x000000071e800000, 0x000000071ea00000, 0x000000071ea00000|100%|HC|  |TAMS 0x000000071e800000| PB 0x000000071e800000| Complete 
| 245|0x000000071ea00000, 0x000000071ec00000, 0x000000071ec00000|100%| O|  |TAMS 0x000000071ea00000| PB 0x000000071ea00000| Untracked 
| 246|0x000000071ec00000, 0x000000071ee00000, 0x000000071ee00000|100%|HS|  |TAMS 0x000000071ec00000| PB 0x000000071ec00000| Complete 
| 247|0x000000071ee00000, 0x000000071f000000, 0x000000071f000000|100%| O|  |TAMS 0x000000071ee00000| PB 0x000000071ee00000| Untracked 
| 248|0x000000071f000000, 0x000000071f200000, 0x000000071f200000|100%| O|  |TAMS 0x000000071f000000| PB 0x000000071f000000| Untracked 
| 249|0x000000071f200000, 0x000000071f400000, 0x000000071f400000|100%| O|  |TAMS 0x000000071f200000| PB 0x000000071f200000| Untracked 
| 250|0x000000071f400000, 0x000000071f600000, 0x000000071f600000|100%|HS|  |TAMS 0x000000071f400000| PB 0x000000071f400000| Complete 
| 251|0x000000071f600000, 0x000000071f800000, 0x000000071f800000|100%|HC|  |TAMS 0x000000071f600000| PB 0x000000071f600000| Complete 
| 252|0x000000071f800000, 0x000000071fa00000, 0x000000071fa00000|100%| O|  |TAMS 0x000000071f800000| PB 0x000000071f800000| Untracked 
| 253|0x000000071fa00000, 0x000000071fc00000, 0x000000071fc00000|100%| O|  |TAMS 0x000000071fa00000| PB 0x000000071fa00000| Untracked 
| 254|0x000000071fc00000, 0x000000071fe00000, 0x000000071fe00000|100%|HS|  |TAMS 0x000000071fc00000| PB 0x000000071fc00000| Complete 
| 255|0x000000071fe00000, 0x0000000720000000, 0x0000000720000000|100%|HC|  |TAMS 0x000000071fe00000| PB 0x000000071fe00000| Complete 
| 256|0x0000000720000000, 0x0000000720200000, 0x0000000720200000|100%| O|  |TAMS 0x0000000720000000| PB 0x0000000720000000| Untracked 
| 257|0x0000000720200000, 0x0000000720400000, 0x0000000720400000|100%| O|  |TAMS 0x0000000720200000| PB 0x0000000720200000| Untracked 
| 258|0x0000000720400000, 0x0000000720600000, 0x0000000720600000|100%|HS|  |TAMS 0x0000000720400000| PB 0x0000000720400000| Complete 
| 259|0x0000000720600000, 0x0000000720800000, 0x0000000720800000|100%|HC|  |TAMS 0x0000000720600000| PB 0x0000000720600000| Complete 
| 260|0x0000000720800000, 0x0000000720a00000, 0x0000000720a00000|100%| O|  |TAMS 0x0000000720800000| PB 0x0000000720800000| Untracked 
| 261|0x0000000720a00000, 0x0000000720c00000, 0x0000000720c00000|100%| O|  |TAMS 0x0000000720a00000| PB 0x0000000720a00000| Untracked 
| 262|0x0000000720c00000, 0x0000000720e00000, 0x0000000720e00000|100%| O|  |TAMS 0x0000000720c00000| PB 0x0000000720c00000| Untracked 
| 263|0x0000000720e00000, 0x0000000721000000, 0x0000000721000000|100%| O|  |TAMS 0x0000000720e00000| PB 0x0000000720e00000| Untracked 
| 264|0x0000000721000000, 0x0000000721200000, 0x0000000721200000|100%| O|  |TAMS 0x0000000721000000| PB 0x0000000721000000| Untracked 
| 265|0x0000000721200000, 0x0000000721400000, 0x0000000721400000|100%| O|  |TAMS 0x0000000721200000| PB 0x0000000721200000| Untracked 
| 266|0x0000000721400000, 0x0000000721600000, 0x0000000721600000|100%| O|  |TAMS 0x0000000721400000| PB 0x0000000721400000| Untracked 
| 267|0x0000000721600000, 0x0000000721800000, 0x0000000721800000|100%| O|  |TAMS 0x0000000721600000| PB 0x0000000721600000| Untracked 
| 268|0x0000000721800000, 0x0000000721a00000, 0x0000000721a00000|100%| O|  |TAMS 0x0000000721800000| PB 0x0000000721800000| Untracked 
| 269|0x0000000721a00000, 0x0000000721c00000, 0x0000000721c00000|100%| O|  |TAMS 0x0000000721a00000| PB 0x0000000721a00000| Untracked 
| 270|0x0000000721c00000, 0x0000000721e00000, 0x0000000721e00000|100%| O|  |TAMS 0x0000000721c00000| PB 0x0000000721c00000| Untracked 
| 271|0x0000000721e00000, 0x0000000722000000, 0x0000000722000000|100%| O|  |TAMS 0x0000000721e00000| PB 0x0000000721e00000| Untracked 
| 272|0x0000000722000000, 0x0000000722200000, 0x0000000722200000|100%| O|  |TAMS 0x0000000722000000| PB 0x0000000722000000| Untracked 
| 273|0x0000000722200000, 0x0000000722400000, 0x0000000722400000|100%| O|  |TAMS 0x0000000722200000| PB 0x0000000722200000| Untracked 
| 274|0x0000000722400000, 0x0000000722600000, 0x0000000722600000|100%| O|  |TAMS 0x0000000722400000| PB 0x0000000722400000| Untracked 
| 275|0x0000000722600000, 0x0000000722800000, 0x0000000722800000|100%| O|  |TAMS 0x0000000722600000| PB 0x0000000722600000| Untracked 
| 276|0x0000000722800000, 0x0000000722a00000, 0x0000000722a00000|100%| O|  |TAMS 0x0000000722800000| PB 0x0000000722800000| Untracked 
| 277|0x0000000722a00000, 0x0000000722c00000, 0x0000000722c00000|100%| O|  |TAMS 0x0000000722a00000| PB 0x0000000722a00000| Untracked 
| 278|0x0000000722c00000, 0x0000000722e00000, 0x0000000722e00000|100%| O|  |TAMS 0x0000000722c00000| PB 0x0000000722c00000| Untracked 
| 279|0x0000000722e00000, 0x0000000723000000, 0x0000000723000000|100%| O|  |TAMS 0x0000000722e00000| PB 0x0000000722e00000| Untracked 
| 280|0x0000000723000000, 0x0000000723200000, 0x0000000723200000|100%| O|  |TAMS 0x0000000723000000| PB 0x0000000723000000| Untracked 
| 281|0x0000000723200000, 0x0000000723400000, 0x0000000723400000|100%| O|  |TAMS 0x0000000723200000| PB 0x0000000723200000| Untracked 
| 282|0x0000000723400000, 0x0000000723600000, 0x0000000723600000|100%| O|  |TAMS 0x0000000723400000| PB 0x0000000723400000| Untracked 
| 283|0x0000000723600000, 0x0000000723800000, 0x0000000723800000|100%| O|  |TAMS 0x0000000723600000| PB 0x0000000723600000| Untracked 
| 284|0x0000000723800000, 0x0000000723a00000, 0x0000000723a00000|100%| O|  |TAMS 0x0000000723800000| PB 0x0000000723800000| Untracked 
| 285|0x0000000723a00000, 0x0000000723c00000, 0x0000000723c00000|100%| O|  |TAMS 0x0000000723a00000| PB 0x0000000723a00000| Untracked 
| 286|0x0000000723c00000, 0x0000000723e00000, 0x0000000723e00000|100%| O|  |TAMS 0x0000000723c00000| PB 0x0000000723c00000| Untracked 
| 287|0x0000000723e00000, 0x0000000724000000, 0x0000000724000000|100%| O|  |TAMS 0x0000000723e00000| PB 0x0000000723e00000| Untracked 
| 288|0x0000000724000000, 0x0000000724200000, 0x0000000724200000|100%| O|  |TAMS 0x0000000724000000| PB 0x0000000724000000| Untracked 
| 289|0x0000000724200000, 0x0000000724400000, 0x0000000724400000|100%| O|  |TAMS 0x0000000724200000| PB 0x0000000724200000| Untracked 
| 290|0x0000000724400000, 0x0000000724600000, 0x0000000724600000|100%| O|  |TAMS 0x0000000724400000| PB 0x0000000724400000| Untracked 
| 291|0x0000000724600000, 0x0000000724800000, 0x0000000724800000|100%| O|  |TAMS 0x0000000724600000| PB 0x0000000724600000| Untracked 
| 292|0x0000000724800000, 0x0000000724a00000, 0x0000000724a00000|100%| O|  |TAMS 0x0000000724800000| PB 0x0000000724800000| Untracked 
| 293|0x0000000724a00000, 0x0000000724c00000, 0x0000000724c00000|100%| O|  |TAMS 0x0000000724a00000| PB 0x0000000724a00000| Untracked 
| 294|0x0000000724c00000, 0x0000000724e00000, 0x0000000724e00000|100%| O|  |TAMS 0x0000000724c00000| PB 0x0000000724c00000| Untracked 
| 295|0x0000000724e00000, 0x0000000725000000, 0x0000000725000000|100%| O|  |TAMS 0x0000000724e00000| PB 0x0000000724e00000| Untracked 
| 296|0x0000000725000000, 0x0000000725200000, 0x0000000725200000|100%| O|  |TAMS 0x0000000725000000| PB 0x0000000725000000| Untracked 
| 297|0x0000000725200000, 0x0000000725400000, 0x0000000725400000|100%| O|  |TAMS 0x0000000725200000| PB 0x0000000725200000| Untracked 
| 298|0x0000000725400000, 0x0000000725500000, 0x0000000725600000| 50%| O|  |TAMS 0x0000000725400000| PB 0x0000000725400000| Untracked 
| 299|0x0000000725600000, 0x0000000725600000, 0x0000000725800000|  0%| F|  |TAMS 0x0000000725600000| PB 0x0000000725600000| Untracked 
| 300|0x0000000725800000, 0x0000000725800000, 0x0000000725a00000|  0%| F|  |TAMS 0x0000000725800000| PB 0x0000000725800000| Untracked 
| 301|0x0000000725a00000, 0x0000000725a00000, 0x0000000725c00000|  0%| F|  |TAMS 0x0000000725a00000| PB 0x0000000725a00000| Untracked 
| 302|0x0000000725c00000, 0x0000000725c00000, 0x0000000725e00000|  0%| F|  |TAMS 0x0000000725c00000| PB 0x0000000725c00000| Untracked 
| 303|0x0000000725e00000, 0x0000000725e00000, 0x0000000726000000|  0%| F|  |TAMS 0x0000000725e00000| PB 0x0000000725e00000| Untracked 
| 304|0x0000000726000000, 0x0000000726000000, 0x0000000726200000|  0%| F|  |TAMS 0x0000000726000000| PB 0x0000000726000000| Untracked 
| 305|0x0000000726200000, 0x0000000726200000, 0x0000000726400000|  0%| F|  |TAMS 0x0000000726200000| PB 0x0000000726200000| Untracked 
| 306|0x0000000726400000, 0x0000000726400000, 0x0000000726600000|  0%| F|  |TAMS 0x0000000726400000| PB 0x0000000726400000| Untracked 
| 307|0x0000000726600000, 0x0000000726600000, 0x0000000726800000|  0%| F|  |TAMS 0x0000000726600000| PB 0x0000000726600000| Untracked 
| 308|0x0000000726800000, 0x0000000726800000, 0x0000000726a00000|  0%| F|  |TAMS 0x0000000726800000| PB 0x0000000726800000| Untracked 
| 309|0x0000000726a00000, 0x0000000726a00000, 0x0000000726c00000|  0%| F|  |TAMS 0x0000000726a00000| PB 0x0000000726a00000| Untracked 
| 310|0x0000000726c00000, 0x0000000726c00000, 0x0000000726e00000|  0%| F|  |TAMS 0x0000000726c00000| PB 0x0000000726c00000| Untracked 
| 311|0x0000000726e00000, 0x0000000726e00000, 0x0000000727000000|  0%| F|  |TAMS 0x0000000726e00000| PB 0x0000000726e00000| Untracked 
| 312|0x0000000727000000, 0x0000000727000000, 0x0000000727200000|  0%| F|  |TAMS 0x0000000727000000| PB 0x0000000727000000| Untracked 
| 313|0x0000000727200000, 0x0000000727200000, 0x0000000727400000|  0%| F|  |TAMS 0x0000000727200000| PB 0x0000000727200000| Untracked 
| 314|0x0000000727400000, 0x0000000727400000, 0x0000000727600000|  0%| F|  |TAMS 0x0000000727400000| PB 0x0000000727400000| Untracked 
| 315|0x0000000727600000, 0x0000000727600000, 0x0000000727800000|  0%| F|  |TAMS 0x0000000727600000| PB 0x0000000727600000| Untracked 
| 316|0x0000000727800000, 0x0000000727800000, 0x0000000727a00000|  0%| F|  |TAMS 0x0000000727800000| PB 0x0000000727800000| Untracked 
| 317|0x0000000727a00000, 0x0000000727a00000, 0x0000000727c00000|  0%| F|  |TAMS 0x0000000727a00000| PB 0x0000000727a00000| Untracked 
| 318|0x0000000727c00000, 0x0000000727c00000, 0x0000000727e00000|  0%| F|  |TAMS 0x0000000727c00000| PB 0x0000000727c00000| Untracked 
| 319|0x0000000727e00000, 0x0000000727e00000, 0x0000000728000000|  0%| F|  |TAMS 0x0000000727e00000| PB 0x0000000727e00000| Untracked 
| 320|0x0000000728000000, 0x0000000728000000, 0x0000000728200000|  0%| F|  |TAMS 0x0000000728000000| PB 0x0000000728000000| Untracked 
| 321|0x0000000728200000, 0x0000000728200000, 0x0000000728400000|  0%| F|  |TAMS 0x0000000728200000| PB 0x0000000728200000| Untracked 
| 322|0x0000000728400000, 0x0000000728400000, 0x0000000728600000|  0%| F|  |TAMS 0x0000000728400000| PB 0x0000000728400000| Untracked 
| 323|0x0000000728600000, 0x0000000728600000, 0x0000000728800000|  0%| F|  |TAMS 0x0000000728600000| PB 0x0000000728600000| Untracked 
| 324|0x0000000728800000, 0x0000000728800000, 0x0000000728a00000|  0%| F|  |TAMS 0x0000000728800000| PB 0x0000000728800000| Untracked 
| 325|0x0000000728a00000, 0x0000000728a00000, 0x0000000728c00000|  0%| F|  |TAMS 0x0000000728a00000| PB 0x0000000728a00000| Untracked 
| 326|0x0000000728c00000, 0x0000000728c00000, 0x0000000728e00000|  0%| F|  |TAMS 0x0000000728c00000| PB 0x0000000728c00000| Untracked 
| 327|0x0000000728e00000, 0x0000000728e00000, 0x0000000729000000|  0%| F|  |TAMS 0x0000000728e00000| PB 0x0000000728e00000| Untracked 
| 328|0x0000000729000000, 0x0000000729000000, 0x0000000729200000|  0%| F|  |TAMS 0x0000000729000000| PB 0x0000000729000000| Untracked 
| 329|0x0000000729200000, 0x0000000729200000, 0x0000000729400000|  0%| F|  |TAMS 0x0000000729200000| PB 0x0000000729200000| Untracked 
| 330|0x0000000729400000, 0x0000000729400000, 0x0000000729600000|  0%| F|  |TAMS 0x0000000729400000| PB 0x0000000729400000| Untracked 
| 331|0x0000000729600000, 0x0000000729600000, 0x0000000729800000|  0%| F|  |TAMS 0x0000000729600000| PB 0x0000000729600000| Untracked 
| 332|0x0000000729800000, 0x0000000729800000, 0x0000000729a00000|  0%| F|  |TAMS 0x0000000729800000| PB 0x0000000729800000| Untracked 
| 333|0x0000000729a00000, 0x0000000729a00000, 0x0000000729c00000|  0%| F|  |TAMS 0x0000000729a00000| PB 0x0000000729a00000| Untracked 
| 334|0x0000000729c00000, 0x0000000729c00000, 0x0000000729e00000|  0%| F|  |TAMS 0x0000000729c00000| PB 0x0000000729c00000| Untracked 
| 335|0x0000000729e00000, 0x0000000729e00000, 0x000000072a000000|  0%| F|  |TAMS 0x0000000729e00000| PB 0x0000000729e00000| Untracked 
| 336|0x000000072a000000, 0x000000072a000000, 0x000000072a200000|  0%| F|  |TAMS 0x000000072a000000| PB 0x000000072a000000| Untracked 
| 337|0x000000072a200000, 0x000000072a200000, 0x000000072a400000|  0%| F|  |TAMS 0x000000072a200000| PB 0x000000072a200000| Untracked 
| 338|0x000000072a400000, 0x000000072a400000, 0x000000072a600000|  0%| F|  |TAMS 0x000000072a400000| PB 0x000000072a400000| Untracked 
| 339|0x000000072a600000, 0x000000072a600000, 0x000000072a800000|  0%| F|  |TAMS 0x000000072a600000| PB 0x000000072a600000| Untracked 
| 340|0x000000072a800000, 0x000000072a800000, 0x000000072aa00000|  0%| F|  |TAMS 0x000000072a800000| PB 0x000000072a800000| Untracked 
| 341|0x000000072aa00000, 0x000000072aa00000, 0x000000072ac00000|  0%| F|  |TAMS 0x000000072aa00000| PB 0x000000072aa00000| Untracked 
| 342|0x000000072ac00000, 0x000000072ac00000, 0x000000072ae00000|  0%| F|  |TAMS 0x000000072ac00000| PB 0x000000072ac00000| Untracked 
| 343|0x000000072ae00000, 0x000000072ae00000, 0x000000072b000000|  0%| F|  |TAMS 0x000000072ae00000| PB 0x000000072ae00000| Untracked 
| 344|0x000000072b000000, 0x000000072b000000, 0x000000072b200000|  0%| F|  |TAMS 0x000000072b000000| PB 0x000000072b000000| Untracked 
| 345|0x000000072b200000, 0x000000072b200000, 0x000000072b400000|  0%| F|  |TAMS 0x000000072b200000| PB 0x000000072b200000| Untracked 
| 346|0x000000072b400000, 0x000000072b400000, 0x000000072b600000|  0%| F|  |TAMS 0x000000072b400000| PB 0x000000072b400000| Untracked 
| 347|0x000000072b600000, 0x000000072b600000, 0x000000072b800000|  0%| F|  |TAMS 0x000000072b600000| PB 0x000000072b600000| Untracked 
| 348|0x000000072b800000, 0x000000072b800000, 0x000000072ba00000|  0%| F|  |TAMS 0x000000072b800000| PB 0x000000072b800000| Untracked 
| 349|0x000000072ba00000, 0x000000072ba00000, 0x000000072bc00000|  0%| F|  |TAMS 0x000000072ba00000| PB 0x000000072ba00000| Untracked 
| 350|0x000000072bc00000, 0x000000072bc00000, 0x000000072be00000|  0%| F|  |TAMS 0x000000072bc00000| PB 0x000000072bc00000| Untracked 
| 351|0x000000072be00000, 0x000000072be00000, 0x000000072c000000|  0%| F|  |TAMS 0x000000072be00000| PB 0x000000072be00000| Untracked 
| 352|0x000000072c000000, 0x000000072c000000, 0x000000072c200000|  0%| F|  |TAMS 0x000000072c000000| PB 0x000000072c000000| Untracked 
| 353|0x000000072c200000, 0x000000072c200000, 0x000000072c400000|  0%| F|  |TAMS 0x000000072c200000| PB 0x000000072c200000| Untracked 
| 354|0x000000072c400000, 0x000000072c400000, 0x000000072c600000|  0%| F|  |TAMS 0x000000072c400000| PB 0x000000072c400000| Untracked 
| 355|0x000000072c600000, 0x000000072c600000, 0x000000072c800000|  0%| F|  |TAMS 0x000000072c600000| PB 0x000000072c600000| Untracked 
| 356|0x000000072c800000, 0x000000072c800000, 0x000000072ca00000|  0%| F|  |TAMS 0x000000072c800000| PB 0x000000072c800000| Untracked 
| 357|0x000000072ca00000, 0x000000072ca00000, 0x000000072cc00000|  0%| F|  |TAMS 0x000000072ca00000| PB 0x000000072ca00000| Untracked 
| 358|0x000000072cc00000, 0x000000072cc00000, 0x000000072ce00000|  0%| F|  |TAMS 0x000000072cc00000| PB 0x000000072cc00000| Untracked 
| 359|0x000000072ce00000, 0x000000072ce00000, 0x000000072d000000|  0%| F|  |TAMS 0x000000072ce00000| PB 0x000000072ce00000| Untracked 
| 360|0x000000072d000000, 0x000000072d000000, 0x000000072d200000|  0%| F|  |TAMS 0x000000072d000000| PB 0x000000072d000000| Untracked 
| 361|0x000000072d200000, 0x000000072d200000, 0x000000072d400000|  0%| F|  |TAMS 0x000000072d200000| PB 0x000000072d200000| Untracked 
| 362|0x000000072d400000, 0x000000072d400000, 0x000000072d600000|  0%| F|  |TAMS 0x000000072d400000| PB 0x000000072d400000| Untracked 
| 363|0x000000072d600000, 0x000000072d600000, 0x000000072d800000|  0%| F|  |TAMS 0x000000072d600000| PB 0x000000072d600000| Untracked 
| 364|0x000000072d800000, 0x000000072d800000, 0x000000072da00000|  0%| F|  |TAMS 0x000000072d800000| PB 0x000000072d800000| Untracked 
| 365|0x000000072da00000, 0x000000072da00000, 0x000000072dc00000|  0%| F|  |TAMS 0x000000072da00000| PB 0x000000072da00000| Untracked 
| 366|0x000000072dc00000, 0x000000072dc00000, 0x000000072de00000|  0%| F|  |TAMS 0x000000072dc00000| PB 0x000000072dc00000| Untracked 
| 367|0x000000072de00000, 0x000000072de00000, 0x000000072e000000|  0%| F|  |TAMS 0x000000072de00000| PB 0x000000072de00000| Untracked 
| 368|0x000000072e000000, 0x000000072e000000, 0x000000072e200000|  0%| F|  |TAMS 0x000000072e000000| PB 0x000000072e000000| Untracked 
| 369|0x000000072e200000, 0x000000072e200000, 0x000000072e400000|  0%| F|  |TAMS 0x000000072e200000| PB 0x000000072e200000| Untracked 
| 370|0x000000072e400000, 0x000000072e400000, 0x000000072e600000|  0%| F|  |TAMS 0x000000072e400000| PB 0x000000072e400000| Untracked 
| 371|0x000000072e600000, 0x000000072e600000, 0x000000072e800000|  0%| F|  |TAMS 0x000000072e600000| PB 0x000000072e600000| Untracked 
| 372|0x000000072e800000, 0x000000072e800000, 0x000000072ea00000|  0%| F|  |TAMS 0x000000072e800000| PB 0x000000072e800000| Untracked 
| 373|0x000000072ea00000, 0x000000072ea00000, 0x000000072ec00000|  0%| F|  |TAMS 0x000000072ea00000| PB 0x000000072ea00000| Untracked 
| 374|0x000000072ec00000, 0x000000072ec00000, 0x000000072ee00000|  0%| F|  |TAMS 0x000000072ec00000| PB 0x000000072ec00000| Untracked 
| 375|0x000000072ee00000, 0x000000072ee00000, 0x000000072f000000|  0%| F|  |TAMS 0x000000072ee00000| PB 0x000000072ee00000| Untracked 
| 376|0x000000072f000000, 0x000000072f000000, 0x000000072f200000|  0%| F|  |TAMS 0x000000072f000000| PB 0x000000072f000000| Untracked 
| 377|0x000000072f200000, 0x000000072f200000, 0x000000072f400000|  0%| F|  |TAMS 0x000000072f200000| PB 0x000000072f200000| Untracked 
| 378|0x000000072f400000, 0x000000072f400000, 0x000000072f600000|  0%| F|  |TAMS 0x000000072f400000| PB 0x000000072f400000| Untracked 
| 379|0x000000072f600000, 0x000000072f600000, 0x000000072f800000|  0%| F|  |TAMS 0x000000072f600000| PB 0x000000072f600000| Untracked 
| 380|0x000000072f800000, 0x000000072f800000, 0x000000072fa00000|  0%| F|  |TAMS 0x000000072f800000| PB 0x000000072f800000| Untracked 
| 381|0x000000072fa00000, 0x000000072fa00000, 0x000000072fc00000|  0%| F|  |TAMS 0x000000072fa00000| PB 0x000000072fa00000| Untracked 
| 382|0x000000072fc00000, 0x000000072fc00000, 0x000000072fe00000|  0%| F|  |TAMS 0x000000072fc00000| PB 0x000000072fc00000| Untracked 
| 383|0x000000072fe00000, 0x000000072fe00000, 0x0000000730000000|  0%| F|  |TAMS 0x000000072fe00000| PB 0x000000072fe00000| Untracked 
| 384|0x0000000730000000, 0x0000000730000000, 0x0000000730200000|  0%| F|  |TAMS 0x0000000730000000| PB 0x0000000730000000| Untracked 
| 385|0x0000000730200000, 0x0000000730200000, 0x0000000730400000|  0%| F|  |TAMS 0x0000000730200000| PB 0x0000000730200000| Untracked 
| 386|0x0000000730400000, 0x0000000730400000, 0x0000000730600000|  0%| F|  |TAMS 0x0000000730400000| PB 0x0000000730400000| Untracked 
| 387|0x0000000730600000, 0x0000000730600000, 0x0000000730800000|  0%| F|  |TAMS 0x0000000730600000| PB 0x0000000730600000| Untracked 
| 388|0x0000000730800000, 0x0000000730800000, 0x0000000730a00000|  0%| F|  |TAMS 0x0000000730800000| PB 0x0000000730800000| Untracked 
| 389|0x0000000730a00000, 0x0000000730a00000, 0x0000000730c00000|  0%| F|  |TAMS 0x0000000730a00000| PB 0x0000000730a00000| Untracked 
| 390|0x0000000730c00000, 0x0000000730c00000, 0x0000000730e00000|  0%| F|  |TAMS 0x0000000730c00000| PB 0x0000000730c00000| Untracked 
| 391|0x0000000730e00000, 0x0000000730e00000, 0x0000000731000000|  0%| F|  |TAMS 0x0000000730e00000| PB 0x0000000730e00000| Untracked 
| 392|0x0000000731000000, 0x0000000731000000, 0x0000000731200000|  0%| F|  |TAMS 0x0000000731000000| PB 0x0000000731000000| Untracked 
| 393|0x0000000731200000, 0x0000000731200000, 0x0000000731400000|  0%| F|  |TAMS 0x0000000731200000| PB 0x0000000731200000| Untracked 
| 394|0x0000000731400000, 0x0000000731400000, 0x0000000731600000|  0%| F|  |TAMS 0x0000000731400000| PB 0x0000000731400000| Untracked 
| 395|0x0000000731600000, 0x0000000731600000, 0x0000000731800000|  0%| F|  |TAMS 0x0000000731600000| PB 0x0000000731600000| Untracked 
| 396|0x0000000731800000, 0x0000000731800000, 0x0000000731a00000|  0%| F|  |TAMS 0x0000000731800000| PB 0x0000000731800000| Untracked 
| 397|0x0000000731a00000, 0x0000000731a00000, 0x0000000731c00000|  0%| F|  |TAMS 0x0000000731a00000| PB 0x0000000731a00000| Untracked 
| 398|0x0000000731c00000, 0x0000000731c00000, 0x0000000731e00000|  0%| F|  |TAMS 0x0000000731c00000| PB 0x0000000731c00000| Untracked 
| 399|0x0000000731e00000, 0x0000000731e00000, 0x0000000732000000|  0%| F|  |TAMS 0x0000000731e00000| PB 0x0000000731e00000| Untracked 
| 400|0x0000000732000000, 0x0000000732000000, 0x0000000732200000|  0%| F|  |TAMS 0x0000000732000000| PB 0x0000000732000000| Untracked 
| 401|0x0000000732200000, 0x0000000732200000, 0x0000000732400000|  0%| F|  |TAMS 0x0000000732200000| PB 0x0000000732200000| Untracked 
| 402|0x0000000732400000, 0x0000000732400000, 0x0000000732600000|  0%| F|  |TAMS 0x0000000732400000| PB 0x0000000732400000| Untracked 
| 403|0x0000000732600000, 0x0000000732600000, 0x0000000732800000|  0%| F|  |TAMS 0x0000000732600000| PB 0x0000000732600000| Untracked 
| 404|0x0000000732800000, 0x0000000732800000, 0x0000000732a00000|  0%| F|  |TAMS 0x0000000732800000| PB 0x0000000732800000| Untracked 
| 405|0x0000000732a00000, 0x0000000732a00000, 0x0000000732c00000|  0%| F|  |TAMS 0x0000000732a00000| PB 0x0000000732a00000| Untracked 
| 406|0x0000000732c00000, 0x0000000732c00000, 0x0000000732e00000|  0%| F|  |TAMS 0x0000000732c00000| PB 0x0000000732c00000| Untracked 
| 407|0x0000000732e00000, 0x0000000732e00000, 0x0000000733000000|  0%| F|  |TAMS 0x0000000732e00000| PB 0x0000000732e00000| Untracked 
| 408|0x0000000733000000, 0x0000000733000000, 0x0000000733200000|  0%| F|  |TAMS 0x0000000733000000| PB 0x0000000733000000| Untracked 
| 409|0x0000000733200000, 0x0000000733200000, 0x0000000733400000|  0%| F|  |TAMS 0x0000000733200000| PB 0x0000000733200000| Untracked 
| 410|0x0000000733400000, 0x0000000733400000, 0x0000000733600000|  0%| F|  |TAMS 0x0000000733400000| PB 0x0000000733400000| Untracked 
| 411|0x0000000733600000, 0x0000000733600000, 0x0000000733800000|  0%| F|  |TAMS 0x0000000733600000| PB 0x0000000733600000| Untracked 
| 412|0x0000000733800000, 0x0000000733800000, 0x0000000733a00000|  0%| F|  |TAMS 0x0000000733800000| PB 0x0000000733800000| Untracked 
| 413|0x0000000733a00000, 0x0000000733a00000, 0x0000000733c00000|  0%| F|  |TAMS 0x0000000733a00000| PB 0x0000000733a00000| Untracked 
| 414|0x0000000733c00000, 0x0000000733c00000, 0x0000000733e00000|  0%| F|  |TAMS 0x0000000733c00000| PB 0x0000000733c00000| Untracked 
| 415|0x0000000733e00000, 0x0000000733e00000, 0x0000000734000000|  0%| F|  |TAMS 0x0000000733e00000| PB 0x0000000733e00000| Untracked 
| 416|0x0000000734000000, 0x0000000734000000, 0x0000000734200000|  0%| F|  |TAMS 0x0000000734000000| PB 0x0000000734000000| Untracked 
| 417|0x0000000734200000, 0x0000000734200000, 0x0000000734400000|  0%| F|  |TAMS 0x0000000734200000| PB 0x0000000734200000| Untracked 
| 418|0x0000000734400000, 0x0000000734400000, 0x0000000734600000|  0%| F|  |TAMS 0x0000000734400000| PB 0x0000000734400000| Untracked 
| 419|0x0000000734600000, 0x0000000734600000, 0x0000000734800000|  0%| F|  |TAMS 0x0000000734600000| PB 0x0000000734600000| Untracked 
| 420|0x0000000734800000, 0x0000000734800000, 0x0000000734a00000|  0%| F|  |TAMS 0x0000000734800000| PB 0x0000000734800000| Untracked 
| 421|0x0000000734a00000, 0x0000000734a00000, 0x0000000734c00000|  0%| F|  |TAMS 0x0000000734a00000| PB 0x0000000734a00000| Untracked 
| 422|0x0000000734c00000, 0x0000000734c00000, 0x0000000734e00000|  0%| F|  |TAMS 0x0000000734c00000| PB 0x0000000734c00000| Untracked 
| 423|0x0000000734e00000, 0x0000000734e00000, 0x0000000735000000|  0%| F|  |TAMS 0x0000000734e00000| PB 0x0000000734e00000| Untracked 
| 424|0x0000000735000000, 0x0000000735000000, 0x0000000735200000|  0%| F|  |TAMS 0x0000000735000000| PB 0x0000000735000000| Untracked 
| 425|0x0000000735200000, 0x0000000735200000, 0x0000000735400000|  0%| F|  |TAMS 0x0000000735200000| PB 0x0000000735200000| Untracked 
| 426|0x0000000735400000, 0x0000000735400000, 0x0000000735600000|  0%| F|  |TAMS 0x0000000735400000| PB 0x0000000735400000| Untracked 
| 427|0x0000000735600000, 0x0000000735600000, 0x0000000735800000|  0%| F|  |TAMS 0x0000000735600000| PB 0x0000000735600000| Untracked 
| 428|0x0000000735800000, 0x0000000735800000, 0x0000000735a00000|  0%| F|  |TAMS 0x0000000735800000| PB 0x0000000735800000| Untracked 
| 429|0x0000000735a00000, 0x0000000735a00000, 0x0000000735c00000|  0%| F|  |TAMS 0x0000000735a00000| PB 0x0000000735a00000| Untracked 
| 430|0x0000000735c00000, 0x0000000735c00000, 0x0000000735e00000|  0%| F|  |TAMS 0x0000000735c00000| PB 0x0000000735c00000| Untracked 
| 431|0x0000000735e00000, 0x0000000735e00000, 0x0000000736000000|  0%| F|  |TAMS 0x0000000735e00000| PB 0x0000000735e00000| Untracked 
| 432|0x0000000736000000, 0x0000000736000000, 0x0000000736200000|  0%| F|  |TAMS 0x0000000736000000| PB 0x0000000736000000| Untracked 
| 433|0x0000000736200000, 0x0000000736200000, 0x0000000736400000|  0%| F|  |TAMS 0x0000000736200000| PB 0x0000000736200000| Untracked 
| 434|0x0000000736400000, 0x0000000736400000, 0x0000000736600000|  0%| F|  |TAMS 0x0000000736400000| PB 0x0000000736400000| Untracked 
| 435|0x0000000736600000, 0x0000000736600000, 0x0000000736800000|  0%| F|  |TAMS 0x0000000736600000| PB 0x0000000736600000| Untracked 
| 436|0x0000000736800000, 0x0000000736800000, 0x0000000736a00000|  0%| F|  |TAMS 0x0000000736800000| PB 0x0000000736800000| Untracked 
| 437|0x0000000736a00000, 0x0000000736a00000, 0x0000000736c00000|  0%| F|  |TAMS 0x0000000736a00000| PB 0x0000000736a00000| Untracked 
| 438|0x0000000736c00000, 0x0000000736c00000, 0x0000000736e00000|  0%| F|  |TAMS 0x0000000736c00000| PB 0x0000000736c00000| Untracked 
| 439|0x0000000736e00000, 0x0000000736e00000, 0x0000000737000000|  0%| F|  |TAMS 0x0000000736e00000| PB 0x0000000736e00000| Untracked 
| 440|0x0000000737000000, 0x0000000737000000, 0x0000000737200000|  0%| F|  |TAMS 0x0000000737000000| PB 0x0000000737000000| Untracked 
| 441|0x0000000737200000, 0x0000000737200000, 0x0000000737400000|  0%| F|  |TAMS 0x0000000737200000| PB 0x0000000737200000| Untracked 
| 442|0x0000000737400000, 0x0000000737400000, 0x0000000737600000|  0%| F|  |TAMS 0x0000000737400000| PB 0x0000000737400000| Untracked 
| 443|0x0000000737600000, 0x0000000737600000, 0x0000000737800000|  0%| F|  |TAMS 0x0000000737600000| PB 0x0000000737600000| Untracked 
| 444|0x0000000737800000, 0x0000000737800000, 0x0000000737a00000|  0%| F|  |TAMS 0x0000000737800000| PB 0x0000000737800000| Untracked 
| 445|0x0000000737a00000, 0x0000000737a00000, 0x0000000737c00000|  0%| F|  |TAMS 0x0000000737a00000| PB 0x0000000737a00000| Untracked 
| 446|0x0000000737c00000, 0x0000000737c00000, 0x0000000737e00000|  0%| F|  |TAMS 0x0000000737c00000| PB 0x0000000737c00000| Untracked 
| 447|0x0000000737e00000, 0x0000000737e00000, 0x0000000738000000|  0%| F|  |TAMS 0x0000000737e00000| PB 0x0000000737e00000| Untracked 
| 448|0x0000000738000000, 0x0000000738000000, 0x0000000738200000|  0%| F|  |TAMS 0x0000000738000000| PB 0x0000000738000000| Untracked 
| 449|0x0000000738200000, 0x0000000738200000, 0x0000000738400000|  0%| F|  |TAMS 0x0000000738200000| PB 0x0000000738200000| Untracked 
| 450|0x0000000738400000, 0x0000000738400000, 0x0000000738600000|  0%| F|  |TAMS 0x0000000738400000| PB 0x0000000738400000| Untracked 
| 451|0x0000000738600000, 0x0000000738600000, 0x0000000738800000|  0%| F|  |TAMS 0x0000000738600000| PB 0x0000000738600000| Untracked 
| 452|0x0000000738800000, 0x0000000738800000, 0x0000000738a00000|  0%| F|  |TAMS 0x0000000738800000| PB 0x0000000738800000| Untracked 
| 453|0x0000000738a00000, 0x0000000738a00000, 0x0000000738c00000|  0%| F|  |TAMS 0x0000000738a00000| PB 0x0000000738a00000| Untracked 
| 454|0x0000000738c00000, 0x0000000738c00000, 0x0000000738e00000|  0%| F|  |TAMS 0x0000000738c00000| PB 0x0000000738c00000| Untracked 
| 455|0x0000000738e00000, 0x0000000738e00000, 0x0000000739000000|  0%| F|  |TAMS 0x0000000738e00000| PB 0x0000000738e00000| Untracked 
| 456|0x0000000739000000, 0x0000000739000000, 0x0000000739200000|  0%| F|  |TAMS 0x0000000739000000| PB 0x0000000739000000| Untracked 
| 457|0x0000000739200000, 0x0000000739200000, 0x0000000739400000|  0%| F|  |TAMS 0x0000000739200000| PB 0x0000000739200000| Untracked 
| 458|0x0000000739400000, 0x0000000739400000, 0x0000000739600000|  0%| F|  |TAMS 0x0000000739400000| PB 0x0000000739400000| Untracked 
| 459|0x0000000739600000, 0x0000000739600000, 0x0000000739800000|  0%| F|  |TAMS 0x0000000739600000| PB 0x0000000739600000| Untracked 
| 460|0x0000000739800000, 0x0000000739800000, 0x0000000739a00000|  0%| F|  |TAMS 0x0000000739800000| PB 0x0000000739800000| Untracked 
| 461|0x0000000739a00000, 0x0000000739a00000, 0x0000000739c00000|  0%| F|  |TAMS 0x0000000739a00000| PB 0x0000000739a00000| Untracked 
| 462|0x0000000739c00000, 0x0000000739c00000, 0x0000000739e00000|  0%| F|  |TAMS 0x0000000739c00000| PB 0x0000000739c00000| Untracked 
| 463|0x0000000739e00000, 0x0000000739e00000, 0x000000073a000000|  0%| F|  |TAMS 0x0000000739e00000| PB 0x0000000739e00000| Untracked 
| 464|0x000000073a000000, 0x000000073a000000, 0x000000073a200000|  0%| F|  |TAMS 0x000000073a000000| PB 0x000000073a000000| Untracked 
| 465|0x000000073a200000, 0x000000073a400000, 0x000000073a400000|100%| S|CS|TAMS 0x000000073a200000| PB 0x000000073a200000| Complete 
| 466|0x000000073a400000, 0x000000073a600000, 0x000000073a600000|100%| S|CS|TAMS 0x000000073a400000| PB 0x000000073a400000| Complete 
| 467|0x000000073a600000, 0x000000073a800000, 0x000000073a800000|100%| S|CS|TAMS 0x000000073a600000| PB 0x000000073a600000| Complete 
| 468|0x000000073a800000, 0x000000073aa00000, 0x000000073aa00000|100%| S|CS|TAMS 0x000000073a800000| PB 0x000000073a800000| Complete 
| 469|0x000000073aa00000, 0x000000073aa00000, 0x000000073ac00000|  0%| F|  |TAMS 0x000000073aa00000| PB 0x000000073aa00000| Untracked 
| 470|0x000000073ac00000, 0x000000073ac00000, 0x000000073ae00000|  0%| F|  |TAMS 0x000000073ac00000| PB 0x000000073ac00000| Untracked 
| 471|0x000000073ae00000, 0x000000073ae00000, 0x000000073b000000|  0%| F|  |TAMS 0x000000073ae00000| PB 0x000000073ae00000| Untracked 
| 472|0x000000073b000000, 0x000000073b000000, 0x000000073b200000|  0%| F|  |TAMS 0x000000073b000000| PB 0x000000073b000000| Untracked 
| 473|0x000000073b200000, 0x000000073b200000, 0x000000073b400000|  0%| F|  |TAMS 0x000000073b200000| PB 0x000000073b200000| Untracked 
| 474|0x000000073b400000, 0x000000073b400000, 0x000000073b600000|  0%| F|  |TAMS 0x000000073b400000| PB 0x000000073b400000| Untracked 
| 475|0x000000073b600000, 0x000000073b600000, 0x000000073b800000|  0%| F|  |TAMS 0x000000073b600000| PB 0x000000073b600000| Untracked 
| 476|0x000000073b800000, 0x000000073b800000, 0x000000073ba00000|  0%| F|  |TAMS 0x000000073b800000| PB 0x000000073b800000| Untracked 
| 477|0x000000073ba00000, 0x000000073ba00000, 0x000000073bc00000|  0%| F|  |TAMS 0x000000073ba00000| PB 0x000000073ba00000| Untracked 
| 478|0x000000073bc00000, 0x000000073bc00000, 0x000000073be00000|  0%| F|  |TAMS 0x000000073bc00000| PB 0x000000073bc00000| Untracked 
| 479|0x000000073be00000, 0x000000073be00000, 0x000000073c000000|  0%| F|  |TAMS 0x000000073be00000| PB 0x000000073be00000| Untracked 
| 480|0x000000073c000000, 0x000000073c000000, 0x000000073c200000|  0%| F|  |TAMS 0x000000073c000000| PB 0x000000073c000000| Untracked 
| 481|0x000000073c200000, 0x000000073c200000, 0x000000073c400000|  0%| F|  |TAMS 0x000000073c200000| PB 0x000000073c200000| Untracked 
| 482|0x000000073c400000, 0x000000073c400000, 0x000000073c600000|  0%| F|  |TAMS 0x000000073c400000| PB 0x000000073c400000| Untracked 
| 483|0x000000073c600000, 0x000000073c600000, 0x000000073c800000|  0%| F|  |TAMS 0x000000073c600000| PB 0x000000073c600000| Untracked 
| 484|0x000000073c800000, 0x000000073c800000, 0x000000073ca00000|  0%| F|  |TAMS 0x000000073c800000| PB 0x000000073c800000| Untracked 
| 485|0x000000073ca00000, 0x000000073ca00000, 0x000000073cc00000|  0%| F|  |TAMS 0x000000073ca00000| PB 0x000000073ca00000| Untracked 
| 486|0x000000073cc00000, 0x000000073cc00000, 0x000000073ce00000|  0%| F|  |TAMS 0x000000073cc00000| PB 0x000000073cc00000| Untracked 
| 487|0x000000073ce00000, 0x000000073ce00000, 0x000000073d000000|  0%| F|  |TAMS 0x000000073ce00000| PB 0x000000073ce00000| Untracked 
| 488|0x000000073d000000, 0x000000073d000000, 0x000000073d200000|  0%| F|  |TAMS 0x000000073d000000| PB 0x000000073d000000| Untracked 
| 489|0x000000073d200000, 0x000000073d200000, 0x000000073d400000|  0%| F|  |TAMS 0x000000073d200000| PB 0x000000073d200000| Untracked 
| 490|0x000000073d400000, 0x000000073d400000, 0x000000073d600000|  0%| F|  |TAMS 0x000000073d400000| PB 0x000000073d400000| Untracked 
| 491|0x000000073d600000, 0x000000073d600000, 0x000000073d800000|  0%| F|  |TAMS 0x000000073d600000| PB 0x000000073d600000| Untracked 
| 492|0x000000073d800000, 0x000000073d800000, 0x000000073da00000|  0%| F|  |TAMS 0x000000073d800000| PB 0x000000073d800000| Untracked 
| 493|0x000000073da00000, 0x000000073da00000, 0x000000073dc00000|  0%| F|  |TAMS 0x000000073da00000| PB 0x000000073da00000| Untracked 
| 494|0x000000073dc00000, 0x000000073dc00000, 0x000000073de00000|  0%| F|  |TAMS 0x000000073dc00000| PB 0x000000073dc00000| Untracked 
| 495|0x000000073de00000, 0x000000073de00000, 0x000000073e000000|  0%| F|  |TAMS 0x000000073de00000| PB 0x000000073de00000| Untracked 
| 496|0x000000073e000000, 0x000000073e000000, 0x000000073e200000|  0%| F|  |TAMS 0x000000073e000000| PB 0x000000073e000000| Untracked 
| 497|0x000000073e200000, 0x000000073e200000, 0x000000073e400000|  0%| F|  |TAMS 0x000000073e200000| PB 0x000000073e200000| Untracked 
| 498|0x000000073e400000, 0x000000073e400000, 0x000000073e600000|  0%| F|  |TAMS 0x000000073e400000| PB 0x000000073e400000| Untracked 
| 499|0x000000073e600000, 0x000000073e600000, 0x000000073e800000|  0%| F|  |TAMS 0x000000073e600000| PB 0x000000073e600000| Untracked 
| 500|0x000000073e800000, 0x000000073e800000, 0x000000073ea00000|  0%| F|  |TAMS 0x000000073e800000| PB 0x000000073e800000| Untracked 
| 501|0x000000073ea00000, 0x000000073ea00000, 0x000000073ec00000|  0%| F|  |TAMS 0x000000073ea00000| PB 0x000000073ea00000| Untracked 
| 502|0x000000073ec00000, 0x000000073ec00000, 0x000000073ee00000|  0%| F|  |TAMS 0x000000073ec00000| PB 0x000000073ec00000| Untracked 
| 503|0x000000073ee00000, 0x000000073ee00000, 0x000000073f000000|  0%| F|  |TAMS 0x000000073ee00000| PB 0x000000073ee00000| Untracked 
| 504|0x000000073f000000, 0x000000073f000000, 0x000000073f200000|  0%| F|  |TAMS 0x000000073f000000| PB 0x000000073f000000| Untracked 
| 505|0x000000073f200000, 0x000000073f200000, 0x000000073f400000|  0%| F|  |TAMS 0x000000073f200000| PB 0x000000073f200000| Untracked 
| 506|0x000000073f400000, 0x000000073f400000, 0x000000073f600000|  0%| F|  |TAMS 0x000000073f400000| PB 0x000000073f400000| Untracked 
| 507|0x000000073f600000, 0x000000073f600000, 0x000000073f800000|  0%| F|  |TAMS 0x000000073f600000| PB 0x000000073f600000| Untracked 
| 508|0x000000073f800000, 0x000000073f800000, 0x000000073fa00000|  0%| F|  |TAMS 0x000000073f800000| PB 0x000000073f800000| Untracked 
| 509|0x000000073fa00000, 0x000000073fa00000, 0x000000073fc00000|  0%| F|  |TAMS 0x000000073fa00000| PB 0x000000073fa00000| Untracked 
| 510|0x000000073fc00000, 0x000000073fc00000, 0x000000073fe00000|  0%| F|  |TAMS 0x000000073fc00000| PB 0x000000073fc00000| Untracked 
| 511|0x000000073fe00000, 0x000000073fe00000, 0x0000000740000000|  0%| F|  |TAMS 0x000000073fe00000| PB 0x000000073fe00000| Untracked 
| 512|0x0000000740000000, 0x0000000740000000, 0x0000000740200000|  0%| F|  |TAMS 0x0000000740000000| PB 0x0000000740000000| Untracked 
| 513|0x0000000740200000, 0x0000000740200000, 0x0000000740400000|  0%| F|  |TAMS 0x0000000740200000| PB 0x0000000740200000| Untracked 
| 514|0x0000000740400000, 0x0000000740400000, 0x0000000740600000|  0%| F|  |TAMS 0x0000000740400000| PB 0x0000000740400000| Untracked 
| 515|0x0000000740600000, 0x0000000740600000, 0x0000000740800000|  0%| F|  |TAMS 0x0000000740600000| PB 0x0000000740600000| Untracked 
| 516|0x0000000740800000, 0x0000000740800000, 0x0000000740a00000|  0%| F|  |TAMS 0x0000000740800000| PB 0x0000000740800000| Untracked 
| 517|0x0000000740a00000, 0x0000000740a00000, 0x0000000740c00000|  0%| F|  |TAMS 0x0000000740a00000| PB 0x0000000740a00000| Untracked 
| 518|0x0000000740c00000, 0x0000000740c00000, 0x0000000740e00000|  0%| F|  |TAMS 0x0000000740c00000| PB 0x0000000740c00000| Untracked 
| 519|0x0000000740e00000, 0x0000000740e00000, 0x0000000741000000|  0%| F|  |TAMS 0x0000000740e00000| PB 0x0000000740e00000| Untracked 
| 520|0x0000000741000000, 0x0000000741000000, 0x0000000741200000|  0%| F|  |TAMS 0x0000000741000000| PB 0x0000000741000000| Untracked 
| 521|0x0000000741200000, 0x0000000741200000, 0x0000000741400000|  0%| F|  |TAMS 0x0000000741200000| PB 0x0000000741200000| Untracked 
| 522|0x0000000741400000, 0x0000000741400000, 0x0000000741600000|  0%| F|  |TAMS 0x0000000741400000| PB 0x0000000741400000| Untracked 
| 523|0x0000000741600000, 0x0000000741600000, 0x0000000741800000|  0%| F|  |TAMS 0x0000000741600000| PB 0x0000000741600000| Untracked 
| 524|0x0000000741800000, 0x0000000741800000, 0x0000000741a00000|  0%| F|  |TAMS 0x0000000741800000| PB 0x0000000741800000| Untracked 
| 525|0x0000000741a00000, 0x0000000741a00000, 0x0000000741c00000|  0%| F|  |TAMS 0x0000000741a00000| PB 0x0000000741a00000| Untracked 
| 526|0x0000000741c00000, 0x0000000741c00000, 0x0000000741e00000|  0%| F|  |TAMS 0x0000000741c00000| PB 0x0000000741c00000| Untracked 
| 527|0x0000000741e00000, 0x0000000741e00000, 0x0000000742000000|  0%| F|  |TAMS 0x0000000741e00000| PB 0x0000000741e00000| Untracked 
| 528|0x0000000742000000, 0x0000000742000000, 0x0000000742200000|  0%| F|  |TAMS 0x0000000742000000| PB 0x0000000742000000| Untracked 
| 529|0x0000000742200000, 0x0000000742200000, 0x0000000742400000|  0%| F|  |TAMS 0x0000000742200000| PB 0x0000000742200000| Untracked 
| 530|0x0000000742400000, 0x0000000742400000, 0x0000000742600000|  0%| F|  |TAMS 0x0000000742400000| PB 0x0000000742400000| Untracked 
| 531|0x0000000742600000, 0x0000000742600000, 0x0000000742800000|  0%| F|  |TAMS 0x0000000742600000| PB 0x0000000742600000| Untracked 
| 532|0x0000000742800000, 0x0000000742800000, 0x0000000742a00000|  0%| F|  |TAMS 0x0000000742800000| PB 0x0000000742800000| Untracked 
| 533|0x0000000742a00000, 0x0000000742a00000, 0x0000000742c00000|  0%| F|  |TAMS 0x0000000742a00000| PB 0x0000000742a00000| Untracked 
| 534|0x0000000742c00000, 0x0000000742c00000, 0x0000000742e00000|  0%| F|  |TAMS 0x0000000742c00000| PB 0x0000000742c00000| Untracked 
| 535|0x0000000742e00000, 0x0000000742e00000, 0x0000000743000000|  0%| F|  |TAMS 0x0000000742e00000| PB 0x0000000742e00000| Untracked 
| 536|0x0000000743000000, 0x0000000743000000, 0x0000000743200000|  0%| F|  |TAMS 0x0000000743000000| PB 0x0000000743000000| Untracked 
| 537|0x0000000743200000, 0x0000000743200000, 0x0000000743400000|  0%| F|  |TAMS 0x0000000743200000| PB 0x0000000743200000| Untracked 
| 538|0x0000000743400000, 0x0000000743400000, 0x0000000743600000|  0%| F|  |TAMS 0x0000000743400000| PB 0x0000000743400000| Untracked 
| 539|0x0000000743600000, 0x0000000743600000, 0x0000000743800000|  0%| F|  |TAMS 0x0000000743600000| PB 0x0000000743600000| Untracked 
| 540|0x0000000743800000, 0x0000000743800000, 0x0000000743a00000|  0%| F|  |TAMS 0x0000000743800000| PB 0x0000000743800000| Untracked 
| 541|0x0000000743a00000, 0x0000000743a00000, 0x0000000743c00000|  0%| F|  |TAMS 0x0000000743a00000| PB 0x0000000743a00000| Untracked 
|2013|0x00000007fba00000, 0x00000007fbc00000, 0x00000007fbc00000|100%| O|  |TAMS 0x00000007fba00000| PB 0x00000007fba00000| Untracked 
|2014|0x00000007fbc00000, 0x00000007fbe00000, 0x00000007fbe00000|100%| O|  |TAMS 0x00000007fbc00000| PB 0x00000007fbc00000| Untracked 
|2015|0x00000007fbe00000, 0x00000007fc000000, 0x00000007fc000000|100%| O|  |TAMS 0x00000007fbe00000| PB 0x00000007fbe00000| Untracked 
|2016|0x00000007fc000000, 0x00000007fc200000, 0x00000007fc200000|100%| O|  |TAMS 0x00000007fc000000| PB 0x00000007fc000000| Untracked 
|2017|0x00000007fc200000, 0x00000007fc400000, 0x00000007fc400000|100%| O|  |TAMS 0x00000007fc200000| PB 0x00000007fc200000| Untracked 
|2018|0x00000007fc400000, 0x00000007fc600000, 0x00000007fc600000|100%| O|  |TAMS 0x00000007fc400000| PB 0x00000007fc400000| Untracked 
|2019|0x00000007fc600000, 0x00000007fc800000, 0x00000007fc800000|100%| O|  |TAMS 0x00000007fc600000| PB 0x00000007fc600000| Untracked 
|2020|0x00000007fc800000, 0x00000007fca00000, 0x00000007fca00000|100%| O|  |TAMS 0x00000007fc800000| PB 0x00000007fc800000| Untracked 
|2021|0x00000007fca00000, 0x00000007fcc00000, 0x00000007fcc00000|100%| O|  |TAMS 0x00000007fca00000| PB 0x00000007fca00000| Untracked 
|2022|0x00000007fcc00000, 0x00000007fce00000, 0x00000007fce00000|100%| O|  |TAMS 0x00000007fcc00000| PB 0x00000007fcc00000| Untracked 
|2023|0x00000007fce00000, 0x00000007fd000000, 0x00000007fd000000|100%| O|  |TAMS 0x00000007fce00000| PB 0x00000007fce00000| Untracked 
|2024|0x00000007fd000000, 0x00000007fd200000, 0x00000007fd200000|100%| O|  |TAMS 0x00000007fd000000| PB 0x00000007fd000000| Untracked 
|2025|0x00000007fd200000, 0x00000007fd400000, 0x00000007fd400000|100%| O|  |TAMS 0x00000007fd200000| PB 0x00000007fd200000| Untracked 
|2026|0x00000007fd400000, 0x00000007fd600000, 0x00000007fd600000|100%| O|  |TAMS 0x00000007fd400000| PB 0x00000007fd400000| Untracked 
|2027|0x00000007fd600000, 0x00000007fd800000, 0x00000007fd800000|100%| O|  |TAMS 0x00000007fd600000| PB 0x00000007fd600000| Untracked 
|2028|0x00000007fd800000, 0x00000007fda00000, 0x00000007fda00000|100%| O|  |TAMS 0x00000007fd800000| PB 0x00000007fd800000| Untracked 
|2029|0x00000007fda00000, 0x00000007fdc00000, 0x00000007fdc00000|100%| O|  |TAMS 0x00000007fda00000| PB 0x00000007fda00000| Untracked 
|2030|0x00000007fdc00000, 0x00000007fde00000, 0x00000007fde00000|100%| O|  |TAMS 0x00000007fdc00000| PB 0x00000007fdc00000| Untracked 
|2031|0x00000007fde00000, 0x00000007fe000000, 0x00000007fe000000|100%| O|  |TAMS 0x00000007fde00000| PB 0x00000007fde00000| Untracked 
|2032|0x00000007fe000000, 0x00000007fe200000, 0x00000007fe200000|100%| O|  |TAMS 0x00000007fe000000| PB 0x00000007fe000000| Untracked 
|2033|0x00000007fe200000, 0x00000007fe400000, 0x00000007fe400000|100%| O|  |TAMS 0x00000007fe200000| PB 0x00000007fe200000| Untracked 
|2034|0x00000007fe400000, 0x00000007fe600000, 0x00000007fe600000|100%| O|  |TAMS 0x00000007fe400000| PB 0x00000007fe400000| Untracked 
|2035|0x00000007fe600000, 0x00000007fe800000, 0x00000007fe800000|100%| O|  |TAMS 0x00000007fe600000| PB 0x00000007fe600000| Untracked 
|2036|0x00000007fe800000, 0x00000007fea00000, 0x00000007fea00000|100%| O|  |TAMS 0x00000007fe800000| PB 0x00000007fe800000| Untracked 
|2037|0x00000007fea00000, 0x00000007fec00000, 0x00000007fec00000|100%| O|  |TAMS 0x00000007fea00000| PB 0x00000007fea00000| Untracked 
|2038|0x00000007fec00000, 0x00000007fee00000, 0x00000007fee00000|100%| O|  |TAMS 0x00000007fec00000| PB 0x00000007fec00000| Untracked 
|2039|0x00000007fee00000, 0x00000007ff000000, 0x00000007ff000000|100%| O|  |TAMS 0x00000007fee00000| PB 0x00000007fee00000| Untracked 
|2040|0x00000007ff000000, 0x00000007ff200000, 0x00000007ff200000|100%| O|  |TAMS 0x00000007ff000000| PB 0x00000007ff000000| Untracked 
|2041|0x00000007ff200000, 0x00000007ff400000, 0x00000007ff400000|100%| O|  |TAMS 0x00000007ff200000| PB 0x00000007ff200000| Untracked 
|2042|0x00000007ff400000, 0x00000007ff600000, 0x00000007ff600000|100%| O|  |TAMS 0x00000007ff400000| PB 0x00000007ff400000| Untracked 
|2043|0x00000007ff600000, 0x00000007ff800000, 0x00000007ff800000|100%| O|  |TAMS 0x00000007ff600000| PB 0x00000007ff600000| Untracked 
|2044|0x00000007ff800000, 0x00000007ffa00000, 0x00000007ffa00000|100%| O|  |TAMS 0x00000007ff800000| PB 0x00000007ff800000| Untracked 
|2045|0x00000007ffa00000, 0x00000007ffc00000, 0x00000007ffc00000|100%| O|  |TAMS 0x00000007ffa00000| PB 0x00000007ffa00000| Untracked 
|2046|0x00000007ffc00000, 0x00000007ffe00000, 0x00000007ffe00000|100%| O|  |TAMS 0x00000007ffc00000| PB 0x00000007ffc00000| Untracked 
|2047|0x00000007ffe00000, 0x0000000800000000, 0x0000000800000000|100%| O|  |TAMS 0x00000007ffe00000| PB 0x00000007ffe00000| Untracked 

Card table byte_map: [0x0000016feadb0000,0x0000016feb5b0000] _byte_map_base: 0x0000016fe75b0000

Marking Bits: (CMBitMap*) 0x0000016fd2f25680
 Bits: [0x0000016feb5b0000, 0x0000016fef5b0000)

Polling page: 0x0000016fd1130000

Metaspace:

Usage:
  Non-class:    210.03 MB used.
      Class:     28.42 MB used.
       Both:    238.45 MB used.

Virtual space:
  Non-class space:      256.00 MB reserved,     211.12 MB ( 82%) committed,  4 nodes.
      Class space:        1.00 GB reserved,      29.44 MB (  3%) committed,  1 nodes.
             Both:        1.25 GB reserved,     240.56 MB ( 19%) committed. 

Chunk freelists:
   Non-Class:  12.86 MB
       Class:  2.42 MB
        Both:  15.28 MB

MaxMetaspaceSize: unlimited
CompressedClassSpaceSize: 1.00 GB
Initial GC threshold: 21.00 MB
Current GC threshold: 400.94 MB
CDS: on
 - commit_granule_bytes: 65536.
 - commit_granule_words: 8192.
 - virtual_space_node_default_size: 8388608.
 - enlarge_chunks_in_place: 1.
 - use_allocation_guard: 0.


Internal statistics:

num_allocs_failed_limit: 6.
num_arena_births: 9376.
num_arena_deaths: 5882.
num_vsnodes_births: 5.
num_vsnodes_deaths: 0.
num_space_committed: 4055.
num_space_uncommitted: 72.
num_chunks_returned_to_freelist: 8439.
num_chunks_taken_from_freelist: 23357.
num_chunk_merges: 2515.
num_chunk_splits: 13498.
num_chunks_enlarged: 8924.
num_inconsistent_stats: 0.

CodeHeap 'non-profiled nmethods': size=120064Kb used=32290Kb max_used=41016Kb free=87773Kb
 bounds [0x0000016fe3070000, 0x0000016fe5900000, 0x0000016fea5b0000]
CodeHeap 'profiled nmethods': size=120000Kb used=31078Kb max_used=75516Kb free=88922Kb
 bounds [0x0000016fdb5b0000, 0x0000016fdff90000, 0x0000016fe2ae0000]
CodeHeap 'non-nmethods': size=5696Kb used=2829Kb max_used=2900Kb free=2866Kb
 bounds [0x0000016fe2ae0000, 0x0000016fe2dd0000, 0x0000016fe3070000]
 total_blobs=19787 nmethods=18429 adapters=1258
 compilation: enabled
              stopped_count=0, restarted_count=0
 full_count=0

Compilation events (20 events):
Event: 36883.176 Thread 0x0000016ff1782790 72243       3       com.android.tools.r8.internal.ua0::<init> (7 bytes)
Event: 36883.176 Thread 0x0000016ff1782790 nmethod 72243 0x0000016fdfc9a190 code [0x0000016fdfc9a340, 0x0000016fdfc9a478]
Event: 36883.177 Thread 0x0000016ff170e1b0 72244       4       com.android.tools.r8.graph.fc::a (44 bytes)
Event: 36883.180 Thread 0x0000016ff170e1b0 nmethod 72244 0x0000016fe4710310 code [0x0000016fe47104c0, 0x0000016fe4710710]
Event: 36883.185 Thread 0x0000016ff170e1b0 72245       4       com.android.tools.r8.internal.am0::<init> (7 bytes)
Event: 36883.185 Thread 0x0000016ff170e1b0 nmethod 72245 0x0000016fe34f3410 code [0x0000016fe34f35a0, 0x0000016fe34f3648]
Event: 36883.234 Thread 0x0000016ff1782790 72246       3       java.rmi.server.RMIClassLoader$2::getClassAnnotation (5 bytes)
Event: 36883.234 Thread 0x0000016ff1782790 nmethod 72246 0x0000016fdfd8a390 code [0x0000016fdfd8a540, 0x0000016fdfd8a678]
Event: 36883.235 Thread 0x0000016ff1782790 72247       3       java.rmi.server.RMIClassLoader::getClassAnnotation (8 bytes)
Event: 36883.235 Thread 0x0000016ff1782790 nmethod 72247 0x0000016fdb622c10 code [0x0000016fdb622dc0, 0x0000016fdb622f38]
Event: 36883.235 Thread 0x0000016ff1782790 72248   !   3       sun.rmi.server.LoaderHandler::getClassAnnotation (234 bytes)
Event: 36883.240 Thread 0x0000016ff1782790 nmethod 72248 0x0000016fdc1c2990 code [0x0000016fdc1c2dc0, 0x0000016fdc1c5030]
Event: 36883.274 Thread 0x0000016ff1782790 72249       3       sun.rmi.runtime.Log$LoggerLog::log (45 bytes)
Event: 36883.283 Thread 0x0000016ff1782790 nmethod 72249 0x0000016fdb8a3390 code [0x0000016fdb8a3840, 0x0000016fdb8a60b8]
Event: 36883.303 Thread 0x0000016ff1782790 72250       3       com.android.tools.r8.internal.il0::<init> (7 bytes)
Event: 36883.303 Thread 0x0000016ff1782790 nmethod 72250 0x0000016fdc30b610 code [0x0000016fdc30b7c0, 0x0000016fdc30b8f8]
Event: 36883.340 Thread 0x0000016ff1782790 72251       3       java.rmi.server.UID::equals (54 bytes)
Event: 36883.341 Thread 0x0000016ff1782790 nmethod 72251 0x0000016fdc282a90 code [0x0000016fdc282c60, 0x0000016fdc283080]
Event: 36883.371 Thread 0x0000016ff1782790 72252       3       com.android.tools.r8.internal.qk0::<init> (13 bytes)
Event: 36883.372 Thread 0x0000016ff1782790 nmethod 72252 0x0000016fdb758d10 code [0x0000016fdb758ec0, 0x0000016fdb7590d8]

GC Heap History (20 events):
Event: 36828.798 GC heap after
{Heap after GC invocations=247 (full 3):
 garbage-first heap   total 839680K, used 284585K [0x0000000700000000, 0x0000000800000000)
  region size 2048K, 3 young (6144K), 3 survivors (6144K)
 Metaspace       used 243985K, committed 246016K, reserved 1310720K
  class space    used 29082K, committed 30080K, reserved 1048576K
}
Event: 36832.359 GC heap before
{Heap before GC invocations=247 (full 3):
 garbage-first heap   total 839680K, used 493481K [0x0000000700000000, 0x0000000800000000)
  region size 2048K, 105 young (215040K), 3 survivors (6144K)
 Metaspace       used 243986K, committed 246016K, reserved 1310720K
  class space    used 29082K, committed 30080K, reserved 1048576K
}
Event: 36832.398 GC heap after
{Heap after GC invocations=248 (full 3):
 garbage-first heap   total 839680K, used 282675K [0x0000000700000000, 0x0000000800000000)
  region size 2048K, 3 young (6144K), 3 survivors (6144K)
 Metaspace       used 243986K, committed 246016K, reserved 1310720K
  class space    used 29082K, committed 30080K, reserved 1048576K
}
Event: 36854.421 GC heap before
{Heap before GC invocations=248 (full 3):
 garbage-first heap   total 839680K, used 628787K [0x0000000700000000, 0x0000000800000000)
  region size 2048K, 137 young (280576K), 3 survivors (6144K)
 Metaspace       used 244117K, committed 246272K, reserved 1310720K
  class space    used 29101K, committed 30144K, reserved 1048576K
}
Event: 36854.531 GC heap after
{Heap after GC invocations=249 (full 3):
 garbage-first heap   total 839680K, used 363523K [0x0000000700000000, 0x0000000800000000)
  region size 2048K, 13 young (26624K), 13 survivors (26624K)
 Metaspace       used 244117K, committed 246272K, reserved 1310720K
  class space    used 29101K, committed 30144K, reserved 1048576K
}
Event: 36854.654 GC heap before
{Heap before GC invocations=249 (full 3):
 garbage-first heap   total 839680K, used 375811K [0x0000000700000000, 0x0000000800000000)
  region size 2048K, 20 young (40960K), 13 survivors (26624K)
 Metaspace       used 244117K, committed 246272K, reserved 1310720K
  class space    used 29101K, committed 30144K, reserved 1048576K
}
Event: 36854.798 GC heap after
{Heap after GC invocations=250 (full 3):
 garbage-first heap   total 839680K, used 366514K [0x0000000700000000, 0x0000000800000000)
  region size 2048K, 3 young (6144K), 3 survivors (6144K)
 Metaspace       used 244117K, committed 246272K, reserved 1310720K
  class space    used 29101K, committed 30144K, reserved 1048576K
}
Event: 36868.248 GC heap before
{Heap before GC invocations=250 (full 3):
 garbage-first heap   total 839680K, used 837554K [0x0000000700000000, 0x0000000800000000)
  region size 2048K, 150 young (307200K), 3 survivors (6144K)
 Metaspace       used 244165K, committed 246272K, reserved 1310720K
  class space    used 29102K, committed 30144K, reserved 1048576K
}
Event: 36868.935 GC heap after
{Heap after GC invocations=251 (full 3):
 garbage-first heap   total 1095680K, used 552839K [0x0000000700000000, 0x0000000800000000)
  region size 2048K, 26 young (53248K), 26 survivors (53248K)
 Metaspace       used 244165K, committed 246272K, reserved 1310720K
  class space    used 29102K, committed 30144K, reserved 1048576K
}
Event: 36869.951 GC heap before
{Heap before GC invocations=251 (full 3):
 garbage-first heap   total 1095680K, used 554887K [0x0000000700000000, 0x0000000800000000)
  region size 2048K, 27 young (55296K), 26 survivors (53248K)
 Metaspace       used 244165K, committed 246272K, reserved 1310720K
  class space    used 29102K, committed 30144K, reserved 1048576K
}
Event: 36870.179 GC heap after
{Heap after GC invocations=252 (full 3):
 garbage-first heap   total 1095680K, used 553906K [0x0000000700000000, 0x0000000800000000)
  region size 2048K, 1 young (2048K), 1 survivors (2048K)
 Metaspace       used 244165K, committed 246272K, reserved 1310720K
  class space    used 29102K, committed 30144K, reserved 1048576K
}
Event: 36878.208 GC heap before
{Heap before GC invocations=252 (full 3):
 garbage-first heap   total 1095680K, used 654258K [0x0000000700000000, 0x0000000800000000)
  region size 2048K, 50 young (102400K), 1 survivors (2048K)
 Metaspace       used 244173K, committed 246336K, reserved 1310720K
  class space    used 29102K, committed 30144K, reserved 1048576K
}
Event: 36878.433 GC heap after
{Heap after GC invocations=253 (full 3):
 garbage-first heap   total 1095680K, used 608178K [0x0000000700000000, 0x0000000800000000)
  region size 2048K, 7 young (14336K), 7 survivors (14336K)
 Metaspace       used 244173K, committed 246336K, reserved 1310720K
  class space    used 29102K, committed 30144K, reserved 1048576K
}
Event: 36879.773 GC heap before
{Heap before GC invocations=253 (full 3):
 garbage-first heap   total 1095680K, used 647090K [0x0000000700000000, 0x0000000800000000)
  region size 2048K, 26 young (53248K), 7 survivors (14336K)
 Metaspace       used 244173K, committed 246336K, reserved 1310720K
  class space    used 29102K, committed 30144K, reserved 1048576K
}
Event: 36879.852 GC heap after
{Heap after GC invocations=254 (full 3):
 garbage-first heap   total 1095680K, used 628658K [0x0000000700000000, 0x0000000800000000)
  region size 2048K, 4 young (8192K), 4 survivors (8192K)
 Metaspace       used 244173K, committed 246336K, reserved 1310720K
  class space    used 29102K, committed 30144K, reserved 1048576K
}
Event: 36882.077 GC heap before
{Heap before GC invocations=254 (full 3):
 garbage-first heap   total 1095680K, used 661426K [0x0000000700000000, 0x0000000800000000)
  region size 2048K, 33 young (67584K), 4 survivors (8192K)
 Metaspace       used 244175K, committed 246336K, reserved 1310720K
  class space    used 29102K, committed 30144K, reserved 1048576K
}
Event: 36882.228 GC heap after
{Heap after GC invocations=255 (full 3):
 garbage-first heap   total 1095680K, used 634802K [0x0000000700000000, 0x0000000800000000)
  region size 2048K, 5 young (10240K), 5 survivors (10240K)
 Metaspace       used 244175K, committed 246336K, reserved 1310720K
  class space    used 29102K, committed 30144K, reserved 1048576K
}
Event: 36882.973 GC heap before
{Heap before GC invocations=256 (full 3):
 garbage-first heap   total 1095680K, used 677810K [0x0000000700000000, 0x0000000800000000)
  region size 2048K, 26 young (53248K), 5 survivors (10240K)
 Metaspace       used 244175K, committed 246336K, reserved 1310720K
  class space    used 29102K, committed 30144K, reserved 1048576K
}
Event: 36883.104 GC heap after
{Heap after GC invocations=257 (full 3):
 garbage-first heap   total 1095680K, used 659378K [0x0000000700000000, 0x0000000800000000)
  region size 2048K, 4 young (8192K), 4 survivors (8192K)
 Metaspace       used 244175K, committed 246336K, reserved 1310720K
  class space    used 29102K, committed 30144K, reserved 1048576K
}
Event: 36883.450 GC heap before
{Heap before GC invocations=257 (full 3):
 garbage-first heap   total 1095680K, used 714674K [0x0000000700000000, 0x0000000800000000)
  region size 2048K, 31 young (63488K), 4 survivors (8192K)
 Metaspace       used 244175K, committed 246336K, reserved 1310720K
  class space    used 29102K, committed 30144K, reserved 1048576K
}

Dll operation events (16 events):
Event: 0.018 Loaded shared library C:\Users\pawan\.gradle\jdks\eclipse_adoptium-21-amd64-windows.2\bin\java.dll
Event: 0.060 Loaded shared library C:\Users\pawan\.gradle\jdks\eclipse_adoptium-21-amd64-windows.2\bin\jsvml.dll
Event: 0.325 Loaded shared library C:\Users\pawan\.gradle\jdks\eclipse_adoptium-21-amd64-windows.2\bin\zip.dll
Event: 0.360 Loaded shared library C:\Users\pawan\.gradle\jdks\eclipse_adoptium-21-amd64-windows.2\bin\instrument.dll
Event: 0.367 Loaded shared library C:\Users\pawan\.gradle\jdks\eclipse_adoptium-21-amd64-windows.2\bin\net.dll
Event: 0.371 Loaded shared library C:\Users\pawan\.gradle\jdks\eclipse_adoptium-21-amd64-windows.2\bin\nio.dll
Event: 0.377 Loaded shared library C:\Users\pawan\.gradle\jdks\eclipse_adoptium-21-amd64-windows.2\bin\zip.dll
Event: 1.196 Loaded shared library C:\Users\pawan\.gradle\jdks\eclipse_adoptium-21-amd64-windows.2\bin\jimage.dll
Event: 2.072 Loaded shared library C:\Users\pawan\.gradle\jdks\eclipse_adoptium-21-amd64-windows.2\bin\verify.dll
Event: 2.196 Loaded shared library C:\Users\pawan\.gradle\native\660c5614fbf4a5f2a75b1949f50a0caf5cd603558e7d8a26e50b933a0cfb79d1\windows-amd64\native-platform.dll
Event: 2.228 Loaded shared library C:\Users\pawan\.gradle\native\0.2.8\x86_64-windows-gnu\gradle-fileevents.dll
Event: 5.146 Loaded shared library C:\Users\pawan\.gradle\jdks\eclipse_adoptium-21-amd64-windows.2\bin\management.dll
Event: 5.154 Loaded shared library C:\Users\pawan\.gradle\jdks\eclipse_adoptium-21-amd64-windows.2\bin\management_ext.dll
Event: 5.513 Loaded shared library C:\Users\pawan\.gradle\jdks\eclipse_adoptium-21-amd64-windows.2\bin\extnet.dll
Event: 6.192 Loaded shared library C:\Users\pawan\.gradle\jdks\eclipse_adoptium-21-amd64-windows.2\bin\sunmscapi.dll
Event: 177.670 Loaded shared library C:\Users\pawan\.gradle\jdks\eclipse_adoptium-21-amd64-windows.2\bin\rmi.dll

Deoptimization events (20 events):
Event: 36877.765 Thread 0x0000016fca1bf8e0 Uncommon trap: trap_request=0xffffff45 fr.pc=0x0000016fe5413d70 relative=0x0000000000002f10
Event: 36877.765 Thread 0x0000016fca1bf8e0 Uncommon trap: reason=unstable_if action=reinterpret pc=0x0000016fe5413d70 method=com.android.tools.r8.dex.z.a(Z)Lcom/android/tools/r8/graph/x2; @ 157 c2
Event: 36877.765 Thread 0x0000016fca1bf8e0 DEOPT PACKING pc=0x0000016fe5413d70 sp=0x00000064e8dfe850
Event: 36877.765 Thread 0x0000016fca1bf8e0 DEOPT UNPACKING pc=0x0000016fe2b346a2 sp=0x00000064e8dfe840 mode 2
Event: 36877.911 Thread 0x0000016fca1bf8e0 Uncommon trap: trap_request=0x0000016d fr.pc=0x0000016fe5513a3c relative=0x000000000000873c
Event: 36877.914 Thread 0x0000016fca1bf8e0 Uncommon trap: reason=unloaded action=reinterpret pc=0x0000016fe5513a3c method=com.android.tools.r8.internal.ob0.a(IILcom/android/tools/r8/internal/lg0;Lcom/android/tools/r8/graph/dc;)Lcom/android/tools/r8/internal/kg0; @ 2071 c2
Event: 36877.914 Thread 0x0000016fca1bf8e0 DEOPT PACKING pc=0x0000016fe5513a3c sp=0x00000064e8dfe830
Event: 36877.914 Thread 0x0000016fca1bf8e0 DEOPT UNPACKING pc=0x0000016fe2b346a2 sp=0x00000064e8dfe7e8 mode 2
Event: 36879.875 Thread 0x0000016fca1be530 Uncommon trap: trap_request=0x00000116 fr.pc=0x0000016fe50226a0 relative=0x00000000000089a0
Event: 36879.875 Thread 0x0000016fca1be530 Uncommon trap: reason=unloaded action=reinterpret pc=0x0000016fe50226a0 method=com.android.tools.r8.internal.ob0.a(IILcom/android/tools/r8/internal/lg0;Lcom/android/tools/r8/graph/dc;)Lcom/android/tools/r8/internal/kg0; @ 1781 c2
Event: 36879.875 Thread 0x0000016fca1be530 DEOPT PACKING pc=0x0000016fe50226a0 sp=0x00000064e8efea20
Event: 36879.876 Thread 0x0000016fca1be530 DEOPT UNPACKING pc=0x0000016fe2b346a2 sp=0x00000064e8efe9d8 mode 2
Event: 36880.456 Thread 0x0000016fca1bf8e0 Uncommon trap: trap_request=0xffffff45 fr.pc=0x0000016fe46fcb88 relative=0x0000000000000668
Event: 36880.456 Thread 0x0000016fca1bf8e0 Uncommon trap: reason=unstable_if action=reinterpret pc=0x0000016fe46fcb88 method=com.android.tools.r8.graph.s1.a(Lcom/android/tools/r8/graph/n6;Lcom/android/tools/r8/internal/mk1;)Z @ 41 c2
Event: 36880.456 Thread 0x0000016fca1bf8e0 DEOPT PACKING pc=0x0000016fe46fcb88 sp=0x00000064e8dfe840
Event: 36880.456 Thread 0x0000016fca1bf8e0 DEOPT UNPACKING pc=0x0000016fe2b346a2 sp=0x00000064e8dfe770 mode 2
Event: 36881.004 Thread 0x0000016fca1bf8e0 Uncommon trap: trap_request=0xffffff6e fr.pc=0x0000016fe4678424 relative=0x0000000000000184
Event: 36881.004 Thread 0x0000016fca1bf8e0 Uncommon trap: reason=loop_limit_check action=maybe_recompile pc=0x0000016fe4678424 method=com.android.tools.r8.internal.ab1.get(I)I @ 15 c2
Event: 36881.004 Thread 0x0000016fca1bf8e0 DEOPT PACKING pc=0x0000016fe4678424 sp=0x00000064e8dfe8e0
Event: 36881.004 Thread 0x0000016fca1bf8e0 DEOPT UNPACKING pc=0x0000016fe2b346a2 sp=0x00000064e8dfe870 mode 2

Classes loaded (20 events):
Event: 29288.119 Loading class java/util/jar/JarOutputStream
Event: 29288.122 Loading class java/util/jar/JarOutputStream done
Event: 36557.630 Loading class java/io/BufferedReader$1
Event: 36557.637 Loading class java/io/BufferedReader$1 done
Event: 36575.012 Loading class com/sun/org/apache/xerces/internal/dom/DeferredElementNSImpl
Event: 36575.014 Loading class com/sun/org/apache/xerces/internal/dom/ElementNSImpl
Event: 36575.015 Loading class com/sun/org/apache/xerces/internal/dom/ElementNSImpl done
Event: 36575.015 Loading class com/sun/org/apache/xerces/internal/dom/DeferredElementNSImpl done
Event: 36575.016 Loading class com/sun/org/apache/xerces/internal/dom/DeferredAttrNSImpl
Event: 36575.016 Loading class com/sun/org/apache/xerces/internal/dom/AttrNSImpl
Event: 36575.017 Loading class com/sun/org/apache/xerces/internal/dom/AttrNSImpl done
Event: 36575.017 Loading class com/sun/org/apache/xerces/internal/dom/DeferredAttrNSImpl done
Event: 36575.359 Loading class java/nio/file/StandardCopyOption
Event: 36575.359 Loading class java/nio/file/StandardCopyOption done
Event: 36575.360 Loading class sun/nio/fs/WindowsFileCopy
Event: 36575.360 Loading class sun/nio/fs/WindowsFileCopy done
Event: 36676.445 Loading class java/util/WeakHashMap$KeyIterator
Event: 36676.558 Loading class java/util/WeakHashMap$HashIterator
Event: 36676.559 Loading class java/util/WeakHashMap$HashIterator done
Event: 36676.559 Loading class java/util/WeakHashMap$KeyIterator done

Classes unloaded (20 events):
Event: 36550.776 Thread 0x0000016ff16e6e00 Unloading class 0x0000016f812fb800 'jdk/internal/reflect/GeneratedSerializationConstructorAccessor452'
Event: 36550.776 Thread 0x0000016ff16e6e00 Unloading class 0x0000016f81303400 'jdk/internal/reflect/GeneratedSerializationConstructorAccessor451'
Event: 36550.776 Thread 0x0000016ff16e6e00 Unloading class 0x0000016f81303000 'jdk/internal/reflect/GeneratedSerializationConstructorAccessor450'
Event: 36550.776 Thread 0x0000016ff16e6e00 Unloading class 0x0000016f81308c00 'jdk/internal/reflect/GeneratedSerializationConstructorAccessor449'
Event: 36550.777 Thread 0x0000016ff16e6e00 Unloading class 0x0000016f81308800 'jdk/internal/reflect/GeneratedSerializationConstructorAccessor448'
Event: 36550.777 Thread 0x0000016ff16e6e00 Unloading class 0x0000016f81380400 'jdk/internal/reflect/GeneratedSerializationConstructorAccessor447'
Event: 36550.777 Thread 0x0000016ff16e6e00 Unloading class 0x0000016f81380000 'jdk/internal/reflect/GeneratedSerializationConstructorAccessor446'
Event: 36550.777 Thread 0x0000016ff16e6e00 Unloading class 0x0000016f813a8800 'jdk/internal/reflect/GeneratedSerializationConstructorAccessor444'
Event: 36550.777 Thread 0x0000016ff16e6e00 Unloading class 0x0000016f810f2c00 'jdk/internal/reflect/GeneratedSerializationConstructorAccessor443'
Event: 36550.777 Thread 0x0000016ff16e6e00 Unloading class 0x0000016f810f2800 'jdk/internal/reflect/GeneratedSerializationConstructorAccessor442'
Event: 36550.777 Thread 0x0000016ff16e6e00 Unloading class 0x0000016f81750400 'jdk/internal/reflect/GeneratedSerializationConstructorAccessor440'
Event: 36550.777 Thread 0x0000016ff16e6e00 Unloading class 0x0000016f82449400 'jdk/internal/reflect/GeneratedSerializationConstructorAccessor439'
Event: 36550.777 Thread 0x0000016ff16e6e00 Unloading class 0x0000016f81503800 'java/lang/invoke/LambdaForm$MH+0x0000016f81503800'
Event: 36550.777 Thread 0x0000016ff16e6e00 Unloading class 0x0000016f811aa400 'java/lang/invoke/LambdaForm$MH+0x0000016f811aa400'
Event: 36550.777 Thread 0x0000016ff16e6e00 Unloading class 0x0000016f8119c800 'jdk/internal/reflect/GeneratedSerializationConstructorAccessor376'
Event: 36550.777 Thread 0x0000016ff16e6e00 Unloading class 0x0000016f814f6000 'jdk/internal/reflect/GeneratedSerializationConstructorAccessor306'
Event: 36550.777 Thread 0x0000016ff16e6e00 Unloading class 0x0000016f816f5400 'java/lang/invoke/LambdaForm$MH+0x0000016f816f5400'
Event: 36615.382 Thread 0x0000016ff16e6e00 Unloading class 0x0000016f82c1a800 'java/lang/invoke/LambdaForm$MH+0x0000016f82c1a800'
Event: 36615.382 Thread 0x0000016ff16e6e00 Unloading class 0x0000016f82d75c00 'java/lang/invoke/LambdaForm$MH+0x0000016f82d75c00'
Event: 36702.436 Thread 0x0000016ff16e6e00 Unloading class 0x0000016f815e4400 'java/lang/invoke/LambdaForm$DMH+0x0000016f815e4400'

Classes redefined (0 events):
No events

Internal exceptions (20 events):
Event: 36732.065 Thread 0x0000016fca51ec80 Exception <a 'java/io/FileNotFoundException'{0x0000000732194f60}> (0x0000000732194f60) 
thrown [s\src\hotspot\share\prims\jni.cpp, line 520]
Event: 36738.685 Thread 0x0000016fca51ec80 Implicit null exception at 0x0000016fe51a7c0b to 0x0000016fe51a8a14
Event: 36775.581 Thread 0x0000016fca51ec80 Exception <a 'sun/nio/fs/WindowsException'{0x000000072d048208}> (0x000000072d048208) 
thrown [s\src\hotspot\share\prims\jni.cpp, line 520]
Event: 36775.633 Thread 0x0000016fca51ec80 Exception <a 'sun/nio/fs/WindowsException'{0x000000072d0901a0}> (0x000000072d0901a0) 
thrown [s\src\hotspot\share\prims\jni.cpp, line 520]
Event: 36775.895 Thread 0x0000016fca51ec80 Exception <a 'sun/nio/fs/WindowsException'{0x000000072d0b2c68}> (0x000000072d0b2c68) 
thrown [s\src\hotspot\share\prims\jni.cpp, line 520]
Event: 36775.931 Thread 0x0000016fca51ec80 Exception <a 'java/io/FileNotFoundException'{0x000000072d0c0ea0}> (0x000000072d0c0ea0) 
thrown [s\src\hotspot\share\prims\jni.cpp, line 520]
Event: 36776.226 Thread 0x0000016fca51ec80 Exception <a 'sun/nio/fs/WindowsException'{0x000000072d164ed0}> (0x000000072d164ed0) 
thrown [s\src\hotspot\share\prims\jni.cpp, line 520]
Event: 36776.272 Thread 0x0000016fca51ec80 Exception <a 'java/io/FileNotFoundException'{0x000000072d173118}> (0x000000072d173118) 
thrown [s\src\hotspot\share\prims\jni.cpp, line 520]
Event: 36835.540 Thread 0x0000016fca51ec80 Exception <a 'java/lang/NoSuchMethodError'{0x0000000728910d80}: 'java.lang.Object java.lang.invoke.DirectMethodHandle$Holder.newInvokeSpecial(java.lang.Object, int, java.lang.Object, java.lang.Object, java.lang.Object)'> (0x0000000728910d80) 
thrown [s\src\hotspot\share\interpreter\linkResolver.cpp, line 773]
Event: 36835.552 Thread 0x0000016fca51ec80 Exception <a 'java/lang/NoSuchMethodError'{0x0000000728915f48}: 'java.lang.Object java.lang.invoke.DirectMethodHandle$Holder.invokeSpecial(java.lang.Object, java.lang.Object, int, java.lang.Object, java.lang.Object, java.lang.Object)'> (0x0000000728915f48) 
thrown [s\src\hotspot\share\interpreter\linkResolver.cpp, line 773]
Event: 36835.554 Thread 0x0000016fca51ec80 Exception <a 'java/lang/NoSuchMethodError'{0x000000072891a6f0}: 'java.lang.Object java.lang.invoke.Invokers$Holder.linkToTargetMethod(int, java.lang.Object, java.lang.Object, java.lang.Object, java.lang.Object)'> (0x000000072891a6f0) 
thrown [s\src\hotspot\share\interpreter\linkResolver.cpp, line 773]
Event: 36839.220 Thread 0x0000016fca51ec80 Exception <a 'sun/nio/fs/WindowsException'{0x0000000723f5bca8}> (0x0000000723f5bca8) 
thrown [s\src\hotspot\share\prims\jni.cpp, line 520]
Event: 36839.263 Thread 0x0000016fca51ec80 Exception <a 'sun/nio/fs/WindowsException'{0x0000000723fa3d30}> (0x0000000723fa3d30) 
thrown [s\src\hotspot\share\prims\jni.cpp, line 520]
Event: 36839.731 Thread 0x0000016fca51ec80 Exception <a 'sun/nio/fs/WindowsException'{0x0000000723fc6928}> (0x0000000723fc6928) 
thrown [s\src\hotspot\share\prims\jni.cpp, line 520]
Event: 36839.837 Thread 0x0000016fca51ec80 Exception <a 'java/io/FileNotFoundException'{0x0000000723fd4b78}> (0x0000000723fd4b78) 
thrown [s\src\hotspot\share\prims\jni.cpp, line 520]
Event: 36845.538 Thread 0x0000016fca51ec80 Exception <a 'java/lang/NoSuchMethodError'{0x000000072383e930}: static Lkotlin/InitializedLazyImpl;.<clinit>()V> (0x000000072383e930) 
thrown [s\src\hotspot\share\prims\jni.cpp, line 1111]
Event: 36847.933 Thread 0x0000016fca1bdea0 Exception <a 'sun/nio/fs/WindowsException'{0x00000007236dfc78}> (0x00000007236dfc78) 
thrown [s\src\hotspot\share\prims\jni.cpp, line 520]
Event: 36847.935 Thread 0x0000016fca1bdea0 Exception <a 'sun/nio/fs/WindowsException'{0x00000007236e0780}> (0x00000007236e0780) 
thrown [s\src\hotspot\share\prims\jni.cpp, line 520]
Event: 36847.937 Thread 0x0000016fca1bdea0 Exception <a 'sun/nio/fs/WindowsException'{0x00000007236e1288}> (0x00000007236e1288) 
thrown [s\src\hotspot\share\prims\jni.cpp, line 520]
Event: 36847.940 Thread 0x0000016fca1bdea0 Exception <a 'sun/nio/fs/WindowsException'{0x00000007236e1d90}> (0x00000007236e1d90) 
thrown [s\src\hotspot\share\prims\jni.cpp, line 520]

ZGC Phase Switch (0 events):
No events

VM Operations (20 events):
Event: 36873.540 Executing VM operation: RendezvousGCThreads done
Event: 36874.540 Executing VM operation: Cleanup
Event: 36874.613 Executing VM operation: Cleanup done
Event: 36878.204 Executing VM operation: G1CollectForAllocation (G1 Evacuation Pause)
Event: 36878.433 Executing VM operation: G1CollectForAllocation (G1 Evacuation Pause) done
Event: 36879.434 Executing VM operation: Cleanup
Event: 36879.504 Executing VM operation: Cleanup done
Event: 36879.761 Executing VM operation: G1CollectForAllocation (G1 Evacuation Pause)
Event: 36879.852 Executing VM operation: G1CollectForAllocation (G1 Evacuation Pause) done
Event: 36880.866 Executing VM operation: Cleanup
Event: 36881.001 Executing VM operation: Cleanup done
Event: 36881.018 Executing VM operation: G1PauseRemark
Event: 36881.798 Executing VM operation: G1PauseRemark done
Event: 36882.077 Executing VM operation: G1CollectForAllocation (G1 Evacuation Pause)
Event: 36882.228 Executing VM operation: G1CollectForAllocation (G1 Evacuation Pause) done
Event: 36882.371 Executing VM operation: G1PauseCleanup
Event: 36882.374 Executing VM operation: G1PauseCleanup done
Event: 36882.927 Executing VM operation: G1CollectForAllocation (G1 Evacuation Pause)
Event: 36883.104 Executing VM operation: G1CollectForAllocation (G1 Evacuation Pause) done
Event: 36883.403 Executing VM operation: G1CollectForAllocation (G1 Evacuation Pause)

Memory protections (0 events):
No events

Nmethod flushes (20 events):
Event: 36881.767 Thread 0x0000016ff16e6e00 flushing  nmethod 0x0000016fdf9e8790
Event: 36881.768 Thread 0x0000016ff16e6e00 flushing  nmethod 0x0000016fdf9f1b10
Event: 36881.768 Thread 0x0000016ff16e6e00 flushing  nmethod 0x0000016fdf9f4b90
Event: 36881.768 Thread 0x0000016ff16e6e00 flushing  nmethod 0x0000016fdfa27790
Event: 36881.768 Thread 0x0000016ff16e6e00 flushing  nmethod 0x0000016fdfa28410
Event: 36881.768 Thread 0x0000016ff16e6e00 flushing osr nmethod 0x0000016fdfa5c690
Event: 36881.768 Thread 0x0000016ff16e6e00 flushing  nmethod 0x0000016fdfb74290
Event: 36881.768 Thread 0x0000016ff16e6e00 flushing  nmethod 0x0000016fdfb79c10
Event: 36881.768 Thread 0x0000016ff16e6e00 flushing  nmethod 0x0000016fdfdc4c10
Event: 36881.768 Thread 0x0000016ff16e6e00 flushing  nmethod 0x0000016fdfdce590
Event: 36881.768 Thread 0x0000016ff16e6e00 flushing  nmethod 0x0000016fdfe60010
Event: 36881.768 Thread 0x0000016ff16e6e00 flushing  nmethod 0x0000016fdfe64510
Event: 36881.768 Thread 0x0000016ff16e6e00 flushing  nmethod 0x0000016fdfe88510
Event: 36881.768 Thread 0x0000016ff16e6e00 flushing  nmethod 0x0000016fdfee6490
Event: 36881.768 Thread 0x0000016ff16e6e00 flushing  nmethod 0x0000016fdfee8810
Event: 36881.768 Thread 0x0000016ff16e6e00 flushing  nmethod 0x0000016fdfee9890
Event: 36881.768 Thread 0x0000016ff16e6e00 flushing  nmethod 0x0000016fdfeecf90
Event: 36881.768 Thread 0x0000016ff16e6e00 flushing  nmethod 0x0000016fdff50290
Event: 36881.769 Thread 0x0000016ff16e6e00 flushing  nmethod 0x0000016fdff5dc10
Event: 36881.769 Thread 0x0000016ff16e6e00 flushing  nmethod 0x0000016fdff73b10

Events (20 events):
Event: 36543.400 Thread 0x0000016ff9c5bc70 Thread added: 0x0000016fca51cbb0
Event: 36543.880 Thread 0x0000016ff9c5bc70 Thread added: 0x0000016fca51b800
Event: 36550.005 Thread 0x0000016ff9c5bc70 Thread added: 0x0000016fca519dc0
Event: 36550.018 Thread 0x0000016ff9c5bc70 Thread added: 0x0000016fca51f9a0
Event: 36550.180 Thread 0x0000016ff9c5bc70 Thread added: 0x0000016fca51df60
Event: 36550.182 Thread 0x0000016fca51df60 Thread added: 0x0000016fca51ec80
Event: 36550.217 Thread 0x0000016fca51df60 Thread added: 0x0000016fca51f310
Event: 36573.878 Thread 0x0000016fca51df60 Thread added: 0x0000016fca1bd810
Event: 36575.014 Thread 0x0000016fca1bd810 Thread added: 0x0000016fca1ba390
Event: 36575.296 Thread 0x0000016fca51ec80 Thread added: 0x0000016fca1bdea0
Event: 36580.407 Thread 0x0000016fca1ba390 Thread exited: 0x0000016fca1ba390
Event: 36582.038 Thread 0x0000016fca1bd810 Thread added: 0x0000016fca1bb740
Event: 36582.038 Thread 0x0000016fca1bd810 Thread added: 0x0000016fca1bbdd0
Event: 36582.308 Thread 0x0000016fca1bd810 Thread added: 0x0000016fca1ba390
Event: 36582.839 Thread 0x0000016ff6bb61e0 Thread added: 0x0000016fca1c0c90
Event: 36658.157 Thread 0x0000016fca1c0c90 Thread exited: 0x0000016fca1c0c90
Event: 36847.969 Thread 0x0000016fca1bdea0 Thread added: 0x0000016fca1c19b0
Event: 36865.022 Thread 0x0000016fca1c19b0 Thread added: 0x0000016fca1bf8e0
Event: 36865.025 Thread 0x0000016fca1c19b0 Thread added: 0x0000016fca1be530
Event: 36883.129 Thread 0x0000016ff6bb61e0 Thread added: 0x0000016fca1bff70


Dynamic libraries:
0x00007ff661ed0000 - 0x00007ff661ede000 	C:\Users\pawan\.gradle\jdks\eclipse_adoptium-21-amd64-windows.2\bin\java.exe
0x00007ff83acc0000 - 0x00007ff83af26000 	C:\WINDOWS\SYSTEM32\ntdll.dll
0x00007ff83a160000 - 0x00007ff83a229000 	C:\WINDOWS\System32\KERNEL32.DLL
0x00007ff8383c0000 - 0x00007ff8387bf000 	C:\WINDOWS\System32\KERNELBASE.dll
0x00007ff838890000 - 0x00007ff8389dc000 	C:\WINDOWS\System32\ucrtbase.dll
0x00007ff828090000 - 0x00007ff8280ae000 	C:\Users\pawan\.gradle\jdks\eclipse_adoptium-21-amd64-windows.2\bin\VCRUNTIME140.dll
0x00007ff827590000 - 0x00007ff8275a8000 	C:\Users\pawan\.gradle\jdks\eclipse_adoptium-21-amd64-windows.2\bin\jli.dll
0x00007ff839a40000 - 0x00007ff839c06000 	C:\WINDOWS\System32\USER32.dll
0x00007ff837ed0000 - 0x00007ff837ef7000 	C:\WINDOWS\System32\win32u.dll
0x00007ff839300000 - 0x00007ff83932b000 	C:\WINDOWS\System32\GDI32.dll
0x00007ff8381e0000 - 0x00007ff838309000 	C:\WINDOWS\System32\gdi32full.dll
0x00007ff838310000 - 0x00007ff8383b3000 	C:\WINDOWS\System32\msvcp_win.dll
0x00007ff811320000 - 0x00007ff8115b1000 	C:\WINDOWS\WinSxS\amd64_microsoft.windows.common-controls_6595b64144ccf1df_6.0.26100.8972_none_3e0da176e32f9d4b\COMCTL32.dll
0x00007ff83a660000 - 0x00007ff83a709000 	C:\WINDOWS\System32\msvcrt.dll
0x00007ff83a710000 - 0x00007ff83a742000 	C:\WINDOWS\System32\IMM32.DLL
0x00007ff832690000 - 0x00007ff83269c000 	C:\Users\pawan\.gradle\jdks\eclipse_adoptium-21-amd64-windows.2\bin\vcruntime140_1.dll
0x00007fffcd9f0000 - 0x00007fffcda7d000 	C:\Users\pawan\.gradle\jdks\eclipse_adoptium-21-amd64-windows.2\bin\msvcp140.dll
0x00007fff930b0000 - 0x00007fff93e40000 	C:\Users\pawan\.gradle\jdks\eclipse_adoptium-21-amd64-windows.2\bin\server\jvm.dll
0x00007ff83a230000 - 0x00007ff83a2ec000 	C:\WINDOWS\System32\ADVAPI32.dll
0x00007ff8393b0000 - 0x00007ff839459000 	C:\WINDOWS\System32\sechost.dll
0x00007ff8397e0000 - 0x00007ff8398f8000 	C:\WINDOWS\System32\RPCRT4.dll
0x00007ff838a20000 - 0x00007ff838aa2000 	C:\WINDOWS\System32\WS2_32.dll
0x00007ff82e940000 - 0x00007ff82e976000 	C:\WINDOWS\SYSTEM32\WINMM.dll
0x00007ff837d30000 - 0x00007ff837d8e000 	C:\WINDOWS\SYSTEM32\POWRPROF.dll
0x00007ff81fc50000 - 0x00007ff81fc5b000 	C:\WINDOWS\SYSTEM32\VERSION.dll
0x00007ff837d10000 - 0x00007ff837d25000 	C:\WINDOWS\SYSTEM32\UMPDC.dll
0x00007ff836bc0000 - 0x00007ff836bdb000 	C:\WINDOWS\SYSTEM32\kernel.appcore.dll
0x00007ff82b150000 - 0x00007ff82b15a000 	C:\Users\pawan\.gradle\jdks\eclipse_adoptium-21-amd64-windows.2\bin\jimage.dll
0x00007ff836060000 - 0x00007ff8362a2000 	C:\WINDOWS\SYSTEM32\DBGHELP.DLL
0x00007ff839dd0000 - 0x00007ff83a155000 	C:\WINDOWS\System32\combase.dll
0x00007ff839960000 - 0x00007ff839a39000 	C:\WINDOWS\System32\OLEAUT32.dll
0x00007ff81f570000 - 0x00007ff81f5ab000 	C:\WINDOWS\SYSTEM32\dbgcore.DLL
0x00007ff837f00000 - 0x00007ff837fac000 	C:\WINDOWS\System32\bcryptPrimitives.dll
0x00007ff82a820000 - 0x00007ff82a82f000 	C:\Users\pawan\.gradle\jdks\eclipse_adoptium-21-amd64-windows.2\bin\instrument.dll
0x00007ff824310000 - 0x00007ff82432f000 	C:\Users\pawan\.gradle\jdks\eclipse_adoptium-21-amd64-windows.2\bin\java.dll
0x00007ff838b70000 - 0x00007ff8392f8000 	C:\WINDOWS\System32\SHELL32.dll
0x00007ff8355c0000 - 0x00007ff835e5b000 	C:\WINDOWS\SYSTEM32\windows.storage.dll
0x00007ff839c40000 - 0x00007ff839d39000 	C:\WINDOWS\System32\SHCORE.dll
0x00007ff838ab0000 - 0x00007ff838b16000 	C:\WINDOWS\System32\shlwapi.dll
0x00007ff837df0000 - 0x00007ff837e19000 	C:\WINDOWS\SYSTEM32\profapi.dll
0x00007fffaf3f0000 - 0x00007fffaf4c7000 	C:\Users\pawan\.gradle\jdks\eclipse_adoptium-21-amd64-windows.2\bin\jsvml.dll
0x00007ff8242f0000 - 0x00007ff824308000 	C:\Users\pawan\.gradle\jdks\eclipse_adoptium-21-amd64-windows.2\bin\zip.dll
0x00007ff8295f0000 - 0x00007ff829600000 	C:\Users\pawan\.gradle\jdks\eclipse_adoptium-21-amd64-windows.2\bin\net.dll
0x00007ff82d520000 - 0x00007ff82d647000 	C:\WINDOWS\SYSTEM32\WINHTTP.dll
0x00007ff837170000 - 0x00007ff8371dc000 	C:\WINDOWS\system32\mswsock.dll
0x00007ff821950000 - 0x00007ff821966000 	C:\Users\pawan\.gradle\jdks\eclipse_adoptium-21-amd64-windows.2\bin\nio.dll
0x00007ff828eb0000 - 0x00007ff828ec0000 	C:\Users\pawan\.gradle\jdks\eclipse_adoptium-21-amd64-windows.2\bin\verify.dll
0x00007fffbf370000 - 0x00007fffbf397000 	C:\Users\pawan\.gradle\native\660c5614fbf4a5f2a75b1949f50a0caf5cd603558e7d8a26e50b933a0cfb79d1\windows-amd64\native-platform.dll
0x00007ffff1f60000 - 0x00007ffff1fd7000 	C:\Users\pawan\.gradle\native\0.2.8\x86_64-windows-gnu\gradle-fileevents.dll
0x00007ff8288a0000 - 0x00007ff8288aa000 	C:\Users\pawan\.gradle\jdks\eclipse_adoptium-21-amd64-windows.2\bin\management.dll
0x00007ff8280c0000 - 0x00007ff8280cb000 	C:\Users\pawan\.gradle\jdks\eclipse_adoptium-21-amd64-windows.2\bin\management_ext.dll
0x00007ff83a300000 - 0x00007ff83a308000 	C:\WINDOWS\System32\PSAPI.DLL
0x00007ff836570000 - 0x00007ff8365a3000 	C:\WINDOWS\SYSTEM32\IPHLPAPI.DLL
0x00007ff83a7e0000 - 0x00007ff83a7ea000 	C:\WINDOWS\System32\NSI.dll
0x00007ff821f30000 - 0x00007ff821f39000 	C:\Users\pawan\.gradle\jdks\eclipse_adoptium-21-amd64-windows.2\bin\extnet.dll
0x00007ff837460000 - 0x00007ff83747b000 	C:\WINDOWS\SYSTEM32\CRYPTSP.dll
0x00007ff836b20000 - 0x00007ff836b59000 	C:\WINDOWS\system32\rsaenh.dll
0x00007ff837220000 - 0x00007ff837252000 	C:\WINDOWS\SYSTEM32\USERENV.dll
0x00007ff837dc0000 - 0x00007ff837dea000 	C:\WINDOWS\SYSTEM32\bcrypt.dll
0x00007ff837480000 - 0x00007ff83748c000 	C:\WINDOWS\SYSTEM32\CRYPTBASE.dll
0x00007ff821e80000 - 0x00007ff821e8e000 	C:\Users\pawan\.gradle\jdks\eclipse_adoptium-21-amd64-windows.2\bin\sunmscapi.dll
0x00007ff837fc0000 - 0x00007ff83813e000 	C:\WINDOWS\System32\CRYPT32.dll
0x00007ff8376a0000 - 0x00007ff8376d0000 	C:\WINDOWS\SYSTEM32\ncrypt.dll
0x00007ff837650000 - 0x00007ff83768f000 	C:\WINDOWS\SYSTEM32\NTASN1.dll
0x00007ff800660000 - 0x00007ff800668000 	C:\WINDOWS\system32\wshunix.dll
0x00007ff820a80000 - 0x00007ff820a87000 	C:\Users\pawan\.gradle\jdks\eclipse_adoptium-21-amd64-windows.2\bin\rmi.dll
0x00007ff8365b0000 - 0x00007ff836708000 	C:\WINDOWS\SYSTEM32\DNSAPI.dll
0x00007ff836f70000 - 0x00007ff836f7d000 	C:\WINDOWS\SYSTEM32\DSPARSE.dll
0x00000000548c0000 - 0x00000000548e6000 	C:\Program Files\Bonjour\mdnsNSP.dll
0x00007ff82cf40000 - 0x00007ff82cf4b000 	C:\Windows\System32\rasadhlp.dll
0x00007ff82cd30000 - 0x00007ff82cdb6000 	C:\WINDOWS\System32\fwpuclnt.dll
0x00007ff836cf0000 - 0x00007ff836d26000 	C:\WINDOWS\SYSTEM32\ntmarta.dll

dbghelp: loaded successfully - version: 4.0.5 - missing functions: none
symbol engine: initialized successfully - sym options: 0x614 - pdb path: .;C:\Users\pawan\.gradle\jdks\eclipse_adoptium-21-amd64-windows.2\bin;C:\WINDOWS\SYSTEM32;C:\WINDOWS\WinSxS\amd64_microsoft.windows.common-controls_6595b64144ccf1df_6.0.26100.8972_none_3e0da176e32f9d4b;C:\Users\pawan\.gradle\jdks\eclipse_adoptium-21-amd64-windows.2\bin\server;C:\Users\pawan\.gradle\native\660c5614fbf4a5f2a75b1949f50a0caf5cd603558e7d8a26e50b933a0cfb79d1\windows-amd64;C:\Users\pawan\.gradle\native\0.2.8\x86_64-windows-gnu;C:\Program Files\Bonjour

VM Arguments:
jvm_args: --add-opens=java.base/java.lang=ALL-UNNAMED --add-opens=java.base/java.lang.invoke=ALL-UNNAMED --add-opens=java.base/java.util=ALL-UNNAMED --add-opens=java.prefs/java.util.prefs=ALL-UNNAMED --add-exports=jdk.compiler/com.sun.tools.javac.api=ALL-UNNAMED --add-exports=jdk.compiler/com.sun.tools.javac.util=ALL-UNNAMED --add-opens=java.base/java.nio.charset=ALL-UNNAMED --add-opens=java.base/java.net=ALL-UNNAMED --add-opens=java.base/java.util.concurrent=ALL-UNNAMED --add-opens=java.base/java.util.concurrent.atomic=ALL-UNNAMED --add-opens=java.xml/javax.xml.namespace=ALL-UNNAMED --add-opens=java.base/java.time=ALL-UNNAMED -Xmx4096m -Dfile.encoding=UTF-8 -Duser.country=IN -Duser.language=en -Duser.variant -javaagent:C:\Users\pawan\.gradle\wrapper\dists\gradle-9.6.1-bin\4ticwg1pgcbps2hj28r8so764\gradle-9.6.1\lib\agents\gradle-instrumentation-agent-9.6.1.jar 
java_command: org.gradle.launcher.daemon.bootstrap.GradleDaemon 9.6.1
java_class_path (initial): C:\Users\pawan\.gradle\wrapper\dists\gradle-9.6.1-bin\4ticwg1pgcbps2hj28r8so764\gradle-9.6.1\lib\gradle-daemon-main-9.6.1.jar
Launcher Type: SUN_STANDARD

[Global flags]
     intx CICompilerCount                          = 2                                         {product} {ergonomic}
     uint ConcGCThreads                            = 1                                         {product} {ergonomic}
     uint G1ConcRefinementThreads                  = 2                                         {product} {ergonomic}
   size_t G1HeapRegionSize                         = 2097152                                   {product} {ergonomic}
    uintx GCDrainStackTargetSize                   = 64                                        {product} {ergonomic}
   size_t InitialHeapSize                          = 98566144                                  {product} {ergonomic}
   size_t MarkStackSize                            = 4194304                                   {product} {ergonomic}
   size_t MaxHeapSize                              = 4294967296                                {product} {command line}
   size_t MaxNewSize                               = 2575302656                                {product} {ergonomic}
   size_t MinHeapDeltaBytes                        = 2097152                                   {product} {ergonomic}
   size_t MinHeapSize                              = 8388608                                   {product} {ergonomic}
    uintx NonNMethodCodeHeapSize                   = 5826188                                {pd product} {ergonomic}
    uintx NonProfiledCodeHeapSize                  = 122916026                              {pd product} {ergonomic}
    uintx ProfiledCodeHeapSize                     = 122916026                              {pd product} {ergonomic}
    uintx ReservedCodeCacheSize                    = 251658240                              {pd product} {ergonomic}
     bool SegmentedCodeCache                       = true                                      {product} {ergonomic}
   size_t SoftMaxHeapSize                          = 4294967296                             {manageable} {ergonomic}
     bool UseCompressedOops                        = true                           {product lp64_product} {ergonomic}
     bool UseG1GC                                  = true                                      {product} {ergonomic}
     bool UseLargePagesIndividualAllocation        = false                                  {pd product} {ergonomic}

Logging:
Log output configuration:
 #0: stdout all=warning uptime,level,tags foldmultilines=false
 #1: stderr all=off uptime,level,tags foldmultilines=false

Environment Variables:
PATH=C:\Program Files\Eclipse Adoptium\jdk-25.0.3.9-hotspot\bin;C:\Python313\Scripts\;C:\Python313\;C:\Windows\system32;C:\Windows;C:\Windows\System32\Wbem;C:\Windows\System32\WindowsPowerShell\v1.0\;C:\Windows\System32\OpenSSH\;C:\Program Files (x86)\NVIDIA Corporation\PhysX\Common;C:\Program Files\NVIDIA Corporation\NVIDIA NvDLISR;C:\WINDOWS\system32;C:\WINDOWS;C:\WINDOWS\System32\Wbem;C:\WINDOWS\System32\WindowsPowerShell\v1.0\;C:\WINDOWS\System32\OpenSSH\;C:\ProgramData\chocolatey\bin;C:\Program Files\MATLAB\R2009a\bin;C:\Program Files\MATLAB\R2009a\bin\win64;C:\Program Files\nodejs\;C:\Program Files\Git\cmd;C:\Users\pawan\AppData\Local\Programs\Python\Launcher\;C:\Users\pawan\AppData\Local\Microsoft\WindowsApps;C:\Users\pawan\AppData\Local\Programs\Microsoft VS Code\bin;C:\Users\pawan\flutter\bin;C:\Users\pawan\AppData\Local\Programs\Antigravity\bin;C:\Users\pawan\AppData\Local\Programs\Ollama;C:\Users\pawan\AppData\Local\Programs\Antigravity IDE\bin;C:\Users\pawan\AppData\Roaming\npm
USERNAME=pawan
OS=Windows_NT
PROCESSOR_IDENTIFIER=AMD64 Family 23 Model 160 Stepping 0, AuthenticAMD
TMP=C:\Users\pawan\AppData\Local\Temp
TEMP=C:\Users\pawan\AppData\Local\Temp




Periodic native trim disabled

---------------  S Y S T E M  ---------------

OS:
 Windows 11 , 64 bit Build 26100 (10.0.26100.8972)
OS uptime: 1 days 3:50 hours
Hyper-V role detected

CPU: total 2 (initial active 2) (2 cores per cpu, 1 threads per core) family 23 model 160 stepping 0 microcode 0x8a0000b, cx8, cmov, fxsr, mmx, 3dnowpref, sse, sse2, sse3, ssse3, sse4a, sse4.1, sse4.2, popcnt, lzcnt, tsc, tscinvbit, avx, avx2, aes, clmul, bmi1, bmi2, adx, sha, fma, vzeroupper, clflush, clflushopt, hv, rdtscp, rdpid, f16c
Processor Information for the first 2 processors :
  Max Mhz: 2401, Current Mhz: 2401, Mhz Limit: 2401

Memory: 4k page, system-wide physical 5965M (291M free)
TotalPageFile size 24397M (AvailPageFile size 578M)
current process WorkingSet (physical memory assigned to process): 852M, peak: 922M
current process commit charge ("private bytes"): 1826M, peak: 2534M

vm_info: OpenJDK 64-Bit Server VM (21.0.7+6-LTS) for windows-amd64 JRE (21.0.7+6-LTS), built on 2025-04-15T00:00:00Z by "admin" with MS VC++ 17.7 (VS2022)

END.
